id_registro,objectid_fuente,id_camara,nombre_camara,direccion,numero_acto,velocidad_maxima,corredor_principal,via_secundaria,sentido,calzada,carriles,localidad,infraccion,longitud,latitud,longitud_fuente,latitud_fuente
1,1,DEI-001/CAM-01,AV 1 DE MAYO - AV BOYACA (N-S) C. RAP,AV BOYACÁ - CL 35 SUR (N-S),MT-20194000619861 Diciembre 13 de 2019,50,Av. Boyacá,Av. Primero de Mayo,(Norte - Sur),Rápida,2,Kennedy,C.29 - C.14 - C.35 - D.02,-74.14026699984419,4.615664000218827,-74.140267,4.615664
2,2,DEI-001/CAM-02,AV 1 DE MAYO - AV BOYACA (S-N) C. RAP,AV BOYACÁ - CL 35 SUR (S-N),MT-20194000619861 Diciembre 13 de 2019,50,Av. Boyacá,Av. Primero de Mayo,(Sur - Norte),Rápida,2,Kennedy,C.29 - C.14 - C.35 - D.02,-74.14026099999641,4.615397999523576,-74.140261,4.615398
3,3,DEI-002/CAM-01,AV BOYACA - AV AMERICAS (N-S) C. RAP,AV BOYACÁ - CL 5A (N-S),MT-20194000619861 Diciembre 13 de 2019,50,Av. Boyacá,Av. Américas,(Norte - Sur),Rápida,2,Kennedy,C.29 - C.14 - C.35 - D.02,-74.1379799996236,4.6285929997156305,-74.13798,4.628593
4,4,DEI-002/CAM-02,AV BOYACA - AV AMERICAS (S-N) C. RAP,AV BOYACÁ - CL 5A (S-N),MT-20194000619861 Diciembre 13 de 2019,50,Av. Boyacá,Av. Américas,(Sur - Norte),Rápida,2,Kennedy,C.29 - C.14 - C.35 - D.02,-74.1379150002246,4.628479000102544,-74.137915,4.628479
5,5,DEI-003/CAM-01,AK 68 - AV AMERICAS (S-N) C. RAP,AK 68 - CL 4D (S-N),MT-20194000619861 Diciembre 13 de 2019,50,Av. Carrera 68,Av. Américas,(Sur - Norte),Rápida,2,Puente Aranda,C.29 - C.14 - C.35 - D.02,-74.1230539997995,4.627310999725743,-74.123054,4.627311
6,6,DEI-003/CAM-02,AK 68 - AV AMERICAS (N-S) C. RAP,AK 68 - CL 4D (N-S),MT-20194000619861 Diciembre 13 de 2019,50,Av. Carrera 68,Av. Américas,(Norte - Sur),Rápida,2,Puente Aranda,C.29 - C.14 - C.35 - D.02,-74.12298400037763,4.627578999826209,-74.122984,4.627579
7,7,DEI-004/CAM-01,CL 139 - TV 136 (O-E),CL 139 - KR 131 (E-O),MT-20194000619861 Diciembre 13 de 2019,30,Calle 139,TV 136,(Oriente - Occidente),Única,2,Suba,C.29 - C.14 - C.35 - D.02,-74.1124386,4.746529199844173,-74.1124386,4.7465292
8,8,DEI-005/CAM-01,KR 33 - CL 41 SUR (S-N),KR 33 - CL 41 SUR (S-N),MT-20194000619861 Diciembre 13 de 2019,30,Av. Gaitán Cortés,CL 41 Sur,(Sur - Norte),Única,2,Rafael Uribe Uribe,C.29 - C.14 - C.35 - D.02,-74.125872,4.587856999849337,-74.125872,4.587857
9,9,DEI-005/CAM-02,KR 33 - CL 41 SUR (N-S),KR 33 - CL 41 SUR (N-S),MT-20194000619861 Diciembre 13 de 2019,30,Av. Gaitán Cortés,CL 41 Sur,(Norte - Sur),Única,2,Rafael Uribe Uribe,C.29 - C.14 - C.35 - D.02,-74.125872,4.587856999849337,-74.125872,4.587857
10,10,DEI-006/CAM-01,AV BOYACA - AUTP. SUR (N-S) C. RAP,AV BOYACÁ - DG 49 SUR (N-S),MT-20194000641171 Diciembre 26 de 2019.,50,Av. Boyacá,Autopista Sur,(Norte - Sur),Rápida,2,Tunjuelito,C.29 - C.14 - C.35 - D.02,-74.145381,4.592947999849173,-74.145381,4.592948
11,11,DEI-006/CAM-02,AV BOYACA - AUTP. SUR (S-N) C. RAP,AV BOYACÁ - DG 49 SUR (S-N),MT-20194000641171 Diciembre 26 de 2019.,50,Av. Boyacá,Autopista Sur,(Sur - Norte),Rápida,4,Tunjuelito,C.29 - C.14 - C.35 - D.02,-74.145308,4.592971999849184,-74.145308,4.592972
12,12,DEI-007/CAM-01,AV BOYACA - CL 53 (N-S) C. LEN,AV BOYACÁ - CL 53 (N-S),MT-20194000641171 Diciembre 26 de 2019.,50,Av. Boyacá,CL 53,(Norte - Sur),Rápida,2,Engativá,C.29,-74.10697600000002,4.670858999846638,-74.106976,4.670859
13,13,DEI-007/CAM-02,AV BOYACA - CL 53 (S-N) C. LEN,AV BOYACÁ - CL 52 (S-N),MT-20194000641171 Diciembre 26 de 2019.,50,Av. Boyacá,CL 53,(Sur - Norte),Rápida,2,Engativá,C.29,-74.106668,4.671710999846603,-74.106668,4.671711
14,14,DEI-007/CAM-03,AV BOYACA - CL 63D (S-N),AV BOYACÁ - CL 63D (S-N),MT-20194000641171 Diciembre 26 de 2019.,50,Av. Boyacá,CL 63D,(Sur - Norte),Lenta,2,Engativá,C.29,-74.102881,4.675943999846486,-74.102881,4.675944
15,15,DEI-008/CAM-01,CL 59 SUR - KR 78F (O-E),AV BOSA - KR 78F (O-E),MT-20194000641171 Diciembre 26 de 2019.,50,Av. Bosa,KR 78F,(Occidente - Oriente),Única,3,Bosa,C.29 - C.14 - C.35 - D.02,-74.180026,4.6045899998487885,-74.180026,4.60459
16,16,DEI-008/CAM-02,CL 59 SUR - KR 78F (E-O),AV BOSA - KR 78F (E-O),MT-20194000641171 Diciembre 26 de 2019.,50,Av. Bosa,KR 78F,(Oriente - Occidente),Única,3,Bosa,C.29 - C.14 - C.35 - D.02,-74.1798620004015,4.604663999412226,-74.179862,4.604664
17,17,DEI-009/CAM-01,AV BOYACA - AV SUBA (N-S) C. RAP,AV BOYACÁ - CL 131 (N-S),MT-20194000641171 Diciembre 26 de 2019.,50,Av. Boyacá,Av. Suba,(Norte - Sur),Rápida,5,Suba,C.29 - C.14 - C.35 - D.02,-74.073829,4.7228919998449435,-74.073829,4.722892
18,18,DEI-009/CAM-02,AV BOYACA - AV SUBA (S-N),AV BOYACÁ - CL 131 (S-N),MT-20194000641171 Diciembre 26 de 2019.,50,Av. Boyacá,Av. Suba,(Sur - Norte),Única,5,Suba,C.29 - C.14 - C.35 - D.02,-74.073843,4.722667999844954,-74.073843,4.722668
19,19,DEI-010/CAM-01,AUTONORTE - CL 94 (N-S) C. RAP,AUTP. NORTE - CL 95 (N-S),MT-20194000641171 Diciembre 26 de 2019.,60,Autopista Norte,CL 94,(Norte - Sur),Rápida,3,Barrios Unidos,C.29 - C.14 - C.35 - D.02,-74.057933,4.683742999846218,-74.057933,4.683743
20,20,DEI-010/CAM-02,AUTONORTE - CL 94 (N-S) C. LEN,AUTP. NORTE - CL 95 (N-S),MT-20194000641171 Diciembre 26 de 2019.,60,Autopista Norte,CL 94,(Norte - Sur),Lenta,3,Barrios Unidos,C.29 - C.14 - C.35 - D.02,-74.058104,4.683754999846214,-74.058104,4.683755
21,21,DEI-010/CAM-03,AUTONORTE - CL 94 (S-N) CAM 3,AUTP. NORTE - CL 97 (S-N),MT-20194000641171 Diciembre 26 de 2019.,60,Autopista Norte,CL 94,(Sur - Norte),Lenta,5,Chapinero,C.29 - C.14 - C.35 - D.02,-74.05728599999999,4.684900999846183,-74.057286,4.684901
22,22,DEI-010/CAM-04,AUTONORTE - CL 94 (S-N) CAM 4,AUTP. NORTE - CL 97 (S-N),MT-20194000641171 Diciembre 26 de 2019.,60,Autopista Norte,CL 94,(Sur - Norte),Rápida,2,Chapinero,C.29 - C.14 - C.35 - D.02,-74.05728599999999,4.684900999846183,-74.057286,4.684901
23,23,DEI-011/CAM-01,AV CIUDAD DE CALI - AV CENTENARIO (S-N),AV CIUDAD DE CALI - CL 15A (S-N),MT-20194000641171 Diciembre 26 de 2019.,50,Av. Ciudad de Cali,Av. Centenario,(Sur - Norte),Única,3,Kennedy,C.29 - C.14 - C.35 - D.02,-74.13819599999998,4.657055999847091,-74.138196,4.657056
24,24,DEI-011/CAM-02,AV CIUDAD DE CALI - AV CENTENARIO (N-S),AV CIUDAD DE CALI - CL 15A (N-S),MT-20194000641171 Diciembre 26 de 2019.,50,Av. Ciudad de Cali,Av. Centenario,(Norte - Sur),Única,3,Kennedy,C.29 - C.14 - C.35 - D.02,-74.13819599999998,4.657055999847091,-74.138196,4.657056
25,25,DEI-012/CAM-01,NQS - AV AMERICAS (N-S),NQS - CL 22 (N-S),MT-20194000641171 Diciembre 26 de 2019.,50,Av. NQS,Av. Américas,(Norte - Sur),Única,5,Puente Aranda,C.29 - C.14 - C.35 - D.02,-74.085441,4.622009999848231,-74.085441,4.62201
26,26,DEI-012/CAM-02,NQS - AV AMERICAS (S-N),NQS - CL 22 (S-N),MT-20194000641171 Diciembre 26 de 2019.,50,Av. NQS,Av. Américas,(Sur - Norte),Única,5,Puente Aranda,C.29 - C.14 - C.35 - D.02,-74.08554439999999,4.6219799998482305,-74.0855444,4.62198
27,27,DEI-013/CAM-01,AC 80 - KR 102 (E-O) C. RAP,AC 80 - KR 102 (E-O),MT-20194000641171 Diciembre 26 de 2019.,50,Av. Calle 80,KR 102,(Oriente - Occidente),Rápida,2,Engativá,C.29 - C.14 - C.35 - D.02,-74.114374,4.712026999845297,-74.114374,4.712027
28,28,DEI-013/CAM-02,AC 80 - KR 102 (O-E) C. RAP,AC 80 - KR 102 (O-E),MT-20194000641171 Diciembre 26 de 2019.,50,Av. Calle 80,KR 102,(Occidente - Oriente),Rápida,2,Engativá,C.29 - C.14 - C.35 - D.02,-74.114011,4.711926999845301,-74.114011,4.711927
29,29,DEI-014/CAM-01,AV 1 DE MAYO - CL 45 SUR (S-N),AV 1 DE MAYO - CL 45 SUR (S-N),MT-20194000641171 Diciembre 26 de 2019.,40,Av. Primero de Mayo,CL 45 Sur,(Sur - Norte),Única,3,Kennedy,D.04 - D.02 - C.14 - C.35,-74.16479599999998,4.61427799984848,-74.164796,4.614278
30,30,DEI-014/CAM-02,AV 1 DE MAYO - CL 45 SUR (N-S),AV 1 DE MAYO - CL 45 SUR (N-S),MT-20194000641171 Diciembre 26 de 2019.,40,Av. Primero de Mayo,CL 45 Sur,(Norte - Sur),Única,3,Kennedy,D.04 - D.02 - C.14 - C.35,-74.16411699999999,4.614664999848463,-74.164117,4.614665
31,31,DEI-015/CAM-01,AV CIUDAD DE CALI - CL 133A (N-S),AV CIUDAD DE CALI - CL 135A (N-S),MT-20194000641171 Diciembre 26 de 2019.,30,Av. Ciudad de Cali,CL 133 A,(Norte - Sur),Única,3,Suba,D.04 - D.02 - C.14 - C.35,-74.099365,4.739126999844416,-74.099365,4.739127
32,32,DEI-015/CAM-02,AV CIUDAD DE CALI - CL 133A (S-N),AV CIUDAD DE CALI - CL 135A (S-N),MT-20194000641171 Diciembre 26 de 2019.,30,Av. Ciudad de Cali,CL 133 A,(Sur - Norte),Única,3,Suba,D.04 - D.02 - C.14 - C.35,-74.099386,4.7389969998444315,-74.099386,4.738997
33,33,DEI-016/CAM-01,NQS - CL 59 (N-S) C. RAP,NQS - CL 58A (N-S),MT-No. 2024000013091 Enero 20 de 2020,50,Av. NQS,CL 59r,(Norte - Sur),Única,2,Teusaquillo,C.29 - C.14 - C.35 - D.02,-74.078438,4.649069999847345,-74.078438,4.64907
34,34,DEI-016/CAM-02,NQS - CL 59 (S-N) C. LEN,NQS - CL 58A (S-N),MT-No. 2024000013091 Enero 20 de 2020,50,Av. NQS,CL 59,(Sur - Norte),Única,4,Teusaquillo,C.29 - C.14 - C.35 - D.02,-74.078201,4.649062999847355,-74.078201,4.649063
35,35,DEI-016/CAM-03,NQS - CL 59 (N-S) C. LEN,NQS - CL 58A (N-S),MT-No. 2024000013091 Enero 20 de 2020,50,Av. NQS,CL 59,(Norte - Sur),Única,3,Teusaquillo,C.29 - C.14 - C.35 - D.02,-74.07881800000001,4.649534999847324,-74.078818,4.649535
36,36,DEI-017/CAM-01,AUTONORTE - CL 100 (N-S) C. LEN,AUTP. NORTE - CL 102 A (N-S),MT-No. 2024000013091 Enero 20 de 2020,60,Autopista Norte,CL 100,(Norte - Sur),Lenta,3,Suba,C.29 - C.14 - C.35 - D.02,-74.057123,4.689569999846026,-74.057123,4.68957
37,37,DEI-017/CAM-02,AUTONORTE - CL 100 (N-S) C. RAP,AUTP. NORTE - CL 102 A (N-S),MT-No. 2024000013091 Enero 20 de 2020,60,Autopista Norte,CL 100,(Norte - Sur),Rápida,3,Suba,C.29 - C.14 - C.35 - D.02,-74.057024,4.689557999846029,-74.057024,4.689558
38,38,DEI-017/CAM-03,AUTONORTE - CL 100 (S-N) C. RAP,AUTP. NORTE - CL 103 (S-N),MT-No. 2024000013091 Enero 20 de 2020,60,Autopista Norte,CL 100,(Sur - Norte),Rápida,3,Usaquén,C.29 - C.14 - C.35 - D.02,-74.056519,4.689807999846024,-74.056519,4.689808
39,39,DEI-017/CAM-04,AUTONORTE - CL 100 (S-N) C. LEN,AUTP. NORTE - CL 103 (S-N),MT-No. 2024000013091 Enero 20 de 2020,60,Autopista Norte,CL 100,(Sur - Norte),Lenta,3,Usaquén,C.29 - C.14 - C.35 - D.02,-74.056347,4.68978399984602,-74.056347,4.689784
40,40,DEI-018/CAM-01,CL 11 SUR - AK 10 (N-S),AK 10 - CL 13 SUR (N-S),MT-No. 2024000013091 Enero 20 de 2020,30,Av. Carrera 10,CL 11 Sur,(Norte - Sur),Única,2,Antonio Nariño,C.29 - C.14 - C.35 - D.02,-74.091327,4.5804409998495865,-74.091327,4.580441
41,41,DEI-018/CAM-02,CL 11 SUR - AK 10 (S-N),AK 10 - CL 13 SUR (S-N),MT-No. 2024000013091 Enero 20 de 2020,30,Av. Carrera 10,CL 11 Sur,(Sur - Norte),Única,2,San Cristóbal,C.29 - C.14 - C.35 - D.02,-74.091083,4.580291999849585,-74.091083,4.580292
42,42,DEI-019/CAM-01,NQS - AC 72 (N-S),NQS - AC 72 (N-S),MT-No. 2024000013091 Enero 20 de 2020,50,Av. NQS,AC 72,(Norte - Sur),Única,4,Barrios Unidos,C.29 - C.14 - C.35 - D.02,-74.07403599999999,4.66742499984675,-74.074036,4.667425
43,43,DEI-019/CAM-02,NQS - AC 72 (S-N),NQS - AC 73 (S-N),MT-No. 2024000013091 Enero 20 de 2020,50,Av. NQS,AC 72,(Sur - Norte),Única,4,Barrios Unidos,C.29 - C.14 - C.35 - D.02,-74.072153,4.668772999846709,-74.072153,4.668773
44,44,DEI-020/CAM-01,AV CIUDAD DE CALI - AC 80 (N-S),AK 86 - CL 75A (S-N),MT-No. 2024000013091 Enero 20 de 2020,50,Av. Ciudad de Cali,AC 80,(Norte - Sur),Única,3,Engativá,C.29 - C.14 - C.35 - D.02,-74.102772,4.7008169998456655,-74.102772,4.700817
45,45,DEI-020/CAM-02,AV CIUDAD DE CALI - AC 80 (S-N),AK 86 - CL 76 (N-S),MT-No. 2024000013091 Enero 20 de 2020,50,Av. Ciudad de Cali,AC 80,(Sur - Norte),Única,3,Engativá,C.29 - C.14 - C.35 - D.02,-74.102949,4.70049299984568,-74.102949,4.700493
46,46,DEI-021/CAM-01,AV CARACAS - CL 60 (S-N),AV CARACAS - CL 59A (S-N),MT-No. 2024000013091 Enero 20 de 2020,50,Av. Caracas,CL 60,(Sur - Norte),Única,2,Chapinero,D.04 - C.29 - C.14 - C.35 - D.02,-74.064996,4.646721999847421,-74.064996,4.646722
47,47,DEI-021/CAM-02,AV CARACAS - CL 60 (N-S),AV CARACAS - CL 59A (N-S),MT-No. 2024000013091 Enero 20 de 2020,50,Av. Caracas,CL 60,(Norte - Sur),Única,2,Teusaquillo,D.04 - C.29 - C.14 - C.35 - D.02,-74.065202,4.647454999847404,-74.065202,4.647455
48,48,DEI-022/CAM-01,AUTONORTE - CL 170 (N-S) CAM 1,AUTP. NORTE - CL 169 (N-S),MT-No. 2024000013091 Enero 20 de 2020,60,Autopista Norte,CL 170,(Norte - Sur),Lenta,2,Suba,C.29 - C.14 - C.35 - D.02,-74.046951,4.7506889998440345,-74.046951,4.750689
49,49,DEI-022/CAM-02,AUTONORTE - CL 170 (N-S) CAM 2,AUTP. NORTE - CL 169 (N-S),MT-No. 2024000013091 Enero 20 de 2020,60,Autopista Norte,CL 170,(Norte - Sur),Rápida,3,Suba,C.29 - C.14 - C.35 - D.02,-74.046951,4.7506889998440345,-74.046951,4.750689
50,50,DEI-022/CAM-03,AUTONORTE - CL 170 (S-N) CAM 3,AUTP. NORTE - CL 172A (S-N),MT-No. 2024000013091 Enero 20 de 2020,60,Autopista Norte,CL 170,(Sur - Norte),Lenta,3,Usaquén,C.29 - C.14 - C.35 - D.02,-74.045449,4.755323999843884,-74.045449,4.755324
51,51,DEI-022/CAM-04,AUTONORTE - CL 170 (S-N) CAM 4,AUTP. NORTE - CL 172A (S-N),MT-No. 2024000013091 Enero 20 de 2020,60,Autopista Norte,CL 170,(Sur - Norte),Rápida,3,Usaquén,C.29 - C.14 - C.35 - D.02,-74.045449,4.755323999843884,-74.045449,4.755324
52,52,DEI-023/CAM-01,AV BOYACA - AC 26 (N-S) C. RAP,AV BOYACÁ - CL 24C (N-S),MT-No. 2024000013091 Enero 20 de 2020,50,Av. Boyacá,AC 26,(Norte - Sur),Rápida,2,Fontibón,C.29 - C.14 - C.35 - D.02,-74.113866,4.663928999846873,-74.113866,4.663929
53,53,DEI-023/CAM-02,AV BOYACA - AC 26 (S-N) C. RAP,AV BOYACÁ - CL 24C (S-N),MT-No. 2024000013091 Enero 20 de 2020,50,Av. Boyacá,AC 26,(Sur - Norte),Rápida,2,Fontibón,C.29 - C.14 - C.35 - D.02,-74.113855,4.6638619998468664,-74.113855,4.663862
54,54,DEI-024/CAM-01,ROTONDA BANDERAS (O-E),AV AMÉRICAS - KR 78 (O-E),MT-No. 2024000013091 Enero 20 de 2020,50,Av. Américas,Rotonda Banderas,(Occidente - Oriente),Única,5,Kennedy,C.29 - C.14 - C.35 - D.02,-74.145344,4.630948999847944,-74.145344,4.630949
55,55,DEI-024/CAM-02,ROTONDA BANDERAS (E-O),AV AMÉRICAS - TV 78C (E-O),MT-No. 2024000013091 Enero 20 de 2020,50,Av. Américas,Rotonda Banderas,(Oriente - Occidente),Única,5,Kennedy,C.29 - C.14 - C.35 - D.02,-74.15040999999998,4.633057999847876,-74.15041,4.633058
56,56,DEI-025/CAM-01,AUTONORTE - CL 183 (N-S) CAM 1,AUTP. NORTE - CL 183 (N-S),MT-No. 2024000013091 Enero 20 de 2020,60,Autopista Norte,CL 183,(Norte - Sur),Lenta,3,Suba,C.29 - C.14 - C.35 - D.02,-74.044827,4.761776999843684,-74.044827,4.761777
57,57,DEI-025/CAM-02,AUTONORTE - CL 183 (N-S) CAM 2,AUTP. NORTE - CL 183 (N-S),MT-No. 2024000013091 Enero 20 de 2020,60,Autopista Norte,CL 183,(Norte - Sur),Rápida,3,Suba,C.29 - C.14 - C.35 - D.02,-74.044827,4.761776999843684,-74.044827,4.761777
58,58,DEI-025/CAM-03,AUTONORTE - CL 183 (S-N) CAM 3,AUTP. NORTE - CL 183A (S-N),MT-No. 2024000013091 Enero 20 de 2020,60,Autopista Norte,CL 183,(Sur - Norte),Lenta,3,Usaquén,C.29 - C.14 - C.35 - D.02,-74.044596,4.761744999843677,-74.044596,4.761745
59,59,DEI-025/CAM-04,AUTONORTE - CL 183 (S-N) CAM 4,AUTP. NORTE - CL 183A (S-N),MT-No. 2024000013091 Enero 20 de 2020,60,Autopista Norte,CL 183,(Sur - Norte),Rápida,3,Usaquén,C.29 - C.14 - C.35 - D.02,-74.044596,4.761744999843677,-74.044596,4.761745
60,60,DEI-026/CAM-01,AC 61 SUR - KR 32 (O-E),AV VILLAVICENCIO - KR 32 (O-E),MT. No.: 20204000111021 Marzo 27 de 2020,50,Av Villavicencio,KR 32,(Occidente - Oriente),Única,3,Ciudad Bolívar,D.04 - C.35 - D.02,-74.14928199975883,4.570809999922547,-74.149282,4.57081
61,61,DEI-026/CAM-02,AC 61 SUR - KR 32 (E-O),AV VILLAVICENCIO - KR 28 (E-O),MT. No.: 20204000111021 Marzo 27 de 2020,50,Av Villavicencio,KR 32,(Oriente - Occidente),Única,3,Ciudad Bolívar,D.04 - C.35 - D.02,-74.14879100038748,4.570567000260974,-74.148791,4.570567
62,62,DEI-027/CAM-01,AK 10A - CL 19 (S-N),AK 10 - CL 18 (S-N),MT. No.: 20204000111021 Marzo 27 de 2020,50,Av. Carrera 10,CL 19,(Sur - Norte),Única,2,Santa Fe,C.29 - D.04 - C.35 - D.02,-74.07398899994116,4.606396999432715,-74.073989,4.606397
63,63,DEI-027/CAM-02,AK 10A - CL 19 (N-S),AK 10 - CL 19 (N-S),MT. No.: 20204000111021 Marzo 27 de 2020,50,Av. Carrera 10,CL 19,(Norte - Sur),Única,2,Santa Fe,C.29 - D.04 - C.35 - D.02,-74.07374000041915,4.607345000096788,-74.07374,4.607345
64,64,DEI-028/CAM-01,AK 7 - CL 94 (N-S),AK 7 - CL 93A (N-S),MT-20194000563451 Noviembre 19 de 2019,60,Av. Carrera 7,CL 94,(Norte - Sur),Única,3,Chapinero,C.29 - C.14 - C.35 - D.02,-74.04235300003761,4.673882999489067,-74.042353,4.673883
65,65,DEI-028/CAM-02,AK 7 - CL 94 (S-N),AK 7 - CL 93A (S-N),MT-20194000563451 Noviembre 19 de 2019,60,Av. Carrera 7,CL 94,(Sur - Norte),Única,3,Chapinero,C.29 - C.14 - C.35 - D.02,-74.04230899965668,4.673841999730179,-74.042309,4.673842
66,66,DEI-029/CAM-01,AUTONORTE - CL 116 (N-S) C. LEN,AUTP. NORTE - CL 108 (N-S),MT. No.: 20204000111021 Marzo 27 de 2020,60,Autopista Norte,CL 116,(Norte - Sur),Lenta,2,Suba,C.29 - C.35 - D.02,-74.05579500008035,4.696590999430159,-74.055795,4.696591
67,67,DEI-029/CAM-02,AUTONORTE - CL 116 (N-S) C. RAP,AUTP. NORTE - CL 108 (N-S),MT. No.: 20204000111021 Marzo 27 de 2020,60,Autopista Norte,CL 116,(Norte - Sur),Rápida,3,Suba,C.29 - C.35 - D.02,-74.05569600034615,4.696582999933768,-74.055696,4.696583
68,68,DEI-029/CAM-03,AUTONORTE - CL 116 (S-N) C. RAP,AUTP. NORTE - CL 109 (S-N),MT. No.: 20204000111021 Marzo 27 de 2020,60,Autopista Norte,CL 116,(Sur - Norte),Rápida,3,Usaquén,C.29 - C.35 - D.02,-74.05527899969631,4.696997999539614,-74.055279,4.696998
69,69,DEI-029/CAM-04,AUTONORTE - CL 116 (S-N) C. LEN,AUTP. NORTE - CL 109 (S-N),MT. No.: 20204000111021 Marzo 27 de 2020,60,Autopista Norte,CL 116,(Sur - Norte),Lenta,2,Usaquén,C.29 - C.35 - D.02,-74.05511999968766,4.696969999975246,-74.05512,4.69697
70,70,DEI-030/CAM-01,AV BOYACA - CL 169B (N-S),AV BOYACÁ - CL 168 (N-S),MT. No.: 20204000111021 Marzo 27 de 2020,50,Av. Boyacá,CL 169 B,(Norte - Sur),Única,5,Suba,C.29 - C.35 - D.02,-74.06536800021183,4.752991999764451,-74.065368,4.752992
71,71,DEI-030/CAM-02,AV BOYACA - CL 169B (S-N),AV BOYACÁ - CL 167 (S-N),MT. No.: 20204000111021 Marzo 27 de 2020,50,Av. Boyacá,CL 169 B,(Sur - Norte),Única,5,Suba,C.29 - C.35 - D.02,-74.06527699997523,4.7529969996024,-74.065277,4.752997
72,72,DEI-031/CAM-01,AV CIUDAD DE CALI - CL 53 SUR (N-S),AV CIUDAD DE CALI - CL 52 SUR (N-S),MT. No.: 20204000111021 Marzo 27 de 2020,50,Av. Ciudad de Cali,CL 53 Sur,(Norte - Sur),Única,3,Bosa,D.04 - C.35 - D.02,-74.17872500005144,4.624576000036878,-74.178725,4.624576
73,73,DEI-031/CAM-02,AV CIUDAD DE CALI - CL 53 SUR (S-N),AV CIUDAD DE CALI - CL 53 SUR (S-N),MT. No.: 20204000111021 Marzo 27 de 2020,50,Av. Ciudad de Cali,CL 53 Sur,(Sur - Norte),Única,3,Bosa,D.04 - C.35 - D.02,-74.17913199975723,4.623902999878652,-74.179132,4.623903
74,74,DEI-032/CAM-01,AV SUBA - AV CIUDAD DE CALI (S-N),AV CIUDAD DE CALI - AV SUBA (S-N),MT. No.: 20204000111021 Marzo 27 de 2020,50,Av. Ciudad de Cali,Av. Suba,(Sur - Norte),Única,3,Suba,C.29 - D.04 - C.35 - D.02,-74.09650000032524,4.746055999849885,-74.0965,4.746056
75,75,DEI-032/CAM-02,AV SUBA - AV CIUDAD DE CALI (N-S),AV CIUDAD DE CALI - AV SUBA (N-S),MT. No.: 20204000111021 Marzo 27 de 2020,50,Av. Ciudad de Cali,Av. Suba,(Norte - Sur),Única,3,Suba,C.29 - D.04 - C.35 - D.02,-74.09601099970538,4.747010000251749,-74.096011,4.74701
76,76,DEI-033/CAM-01,AC 80 - KR 114 (O-E),AC 80 - KR 114 (O-E),MT. No.: 20204000111021 Marzo 27 de 2020,50,Av. Calle 80,KR 114,(Occidente - Oriente),Rápida,2,Engativá,C.29 - C.35 - D.02,-74.12213800028069,4.722723999480545,-74.122138,4.722724
77,77,DEI-033/CAM-02,AC 80 - KR 114 (E-O),AC 80 - KR 114 (E-O),MT. No.: 20204000111021 Marzo 27 de 2020,50,Av. Calle 80,KR 114,(Oriente - Occidente),Rápida,2,Engativá,C.29 - C.35 - D.02,-74.12214400012849,4.723063999684645,-74.122144,4.723064
78,78,DEI-034/CAM-01,CL 116 - KR 9 (N-S),AK 9 - CL 113 (N-S),MT. No.: 20204000111021 Marzo 27 de 2020,60,Av. Carrera 9,KR 9,(Norte - Sur),Única,3,Usaquén,C.29 - C.35 - D.02,-74.03521899956438,4.693124000146465,-74.035219,4.693124
79,79,DEI-034/CAM-02,CL 116 - KR 9 (S-N),AK 9 - CL 113 (S-N),MT. No.: 20204000111021 Marzo 27 de 2020,60,Av. Carrera 9,KR 9,(Sur - Norte),Única,3,Usaquén,C.29 - C.35 - D.02,-74.03524600022686,4.692432000090112,-74.035246,4.692432
80,80,DEI-035/CAM-01,AK 68 - AC 80 (S-N) C. RAP,AK 68 - CL 87 (N-S),MT. No.: 20204000111021 Marzo 27 de 2020,50,Av. Carrera 68,AC 80,(Sur - Norte),Rápida,2,Engativá,C.29 - C.35 - D.02,-74.07775900011823,4.68499099946981,-74.077759,4.684991
81,81,DEI-035/CAM-02,AK 68 - AC 80 (N-S) C. RAP,AK 68 - CL 87 (S-N),MT. No.: 20204000111021 Marzo 27 de 2020,50,Av. Carrera 68,AC 80,(Norte - Sur),Rápida,2,Engativá,C.29 - C.35 - D.02,-74.07770800006459,4.685051999885596,-74.077708,4.685052
82,82,DEI-036/CAM-01,AUTONORTE - CL 127 (N-S) C. LEN,AUTP. NORTE - CL 127B (N-S),MT. No.: 20204000111021 Marzo 27 de 2020,60,Autopista Norte,CL 127,(Norte - Sur),Lenta,2,Suba,C.29 - C.35 - D.02,-74.05369000033295,4.709979999810975,-74.05369,4.70998
83,83,DEI-036/CAM-02,AUTONORTE - CL 127 (N-S) C. RAP,AUTP. NORTE - CL 127B (N-S),MT. No.: 20204000111021 Marzo 27 de 2020,60,Autopista Norte,CL 127,(Norte - Sur),Rápida,3,Suba,C.29 - C.35 - D.02,-74.05349399961605,4.70995900008162,-74.053494,4.709959
84,84,DEI-036/CAM-03,AUTONORTE - CL 127 (S-N) C. RAP,AUTP. NORTE - CL 127 (S-N),MT. No.: 20204000111021 Marzo 27 de 2020,60,Autopista Norte,CL 127,(Sur - Norte),Rápida,3,Usaquén,C.29 - C.35 - D.02,-74.05326799966025,4.709373999436883,-74.053268,4.709374
85,85,DEI-036/CAM-04,AUTONORTE - CL 127 (S-N) C. LEN,AUTP. NORTE - CL 127 (S-N),MT. No.: 20204000111021 Marzo 27 de 2020,60,Autopista Norte,CL 127,(Sur - Norte),Lenta,3,Usaquén,C.29 - C.35 - D.02,-74.05307500021472,4.709356999811749,-74.053075,4.709357
86,86,DEI-037/CAM-01,AV CIUDAD DE CALI - AV VILLAVICENCIO (S-N),AV CIUDAD DE CALI - CL 43 SUR (N-S),MT. No.: 20204000111021 Marzo 27 de 2020,50,Av. Ciudad de Cali,Av. Villavicencio,(Norte - Sur),Única,3,Kennedy,C.29 - C.35 - D.02,-74.17245099991884,4.627521000240712,-74.172451,4.627521
87,87,DEI-037/CAM-02,AV CIUDAD DE CALI - AV VILLAVICENCIO (N-S),AV CIUDAD DE CALI - CL 43 SUR (S-N),MT. No.: 20204000111021 Marzo 27 de 2020,50,Av. Ciudad de Cali,Av. Villavicencio,(Sur - Norte),Única,3,Kennedy,C.29 - C.35 - D.02,-74.17207199980214,4.627931999763587,-74.172072,4.627932
88,88,DEI-038/CAM-01,AUTP. SUR - CL 59 SUR (O-E),AUTP. SUR - KR 75D (O-E),MT. No.: 20204000111021 Marzo 27 de 2020,60,Autopista Sur,CL 59 Sur,(Occidente - Oriente),Única,3,Ciudad Bolívar,C.29 - C.35 - D.02,-74.17591499977414,4.596582000056071,-74.175915,4.596582
89,89,DEI-038/CAM-02,AUTP. SUR - CL 59 SUR (E-O),AUTP. SUR - KR 75A (E-O),MT. No.: 20204000111021 Marzo 27 de 2020,60,Autopista Sur,CL 59 Sur,(Oriente - Occidente),Única,3,Bosa,C.29 - C.35 - D.02,-74.17482000015518,4.596833999750017,-74.17482,4.596834
90,90,DEI-039/CAM-01,AV AMÉRICAS - KR 70B (O-E),AV AMÉRICAS - KR 70B (O-E),MT. No.: 20204000111021 Marzo 27 de 2020,50,Av. Américas,KR 70 B,(Occidente - Oriente),Única,5,Kennedy,C.29 - C.14 - C.35 - D.02,-74.13324600024717,4.62978999946895,-74.133246,4.62979
91,91,DEI-039/CAM-02,AV AMÉRICAS - KR 70B (E-O),AV AMÉRICAS - KR 71 (E-O),MT. No.: 20204000111021 Marzo 27 de 2020,50,Av. Américas,KR 70 B,(Oriente - Occidente),Única,5,Kennedy,C.29 - C.14 - C.35 - D.02,-74.1332410002243,4.630166999957846,-74.133241,4.630167
92,92,DEI-040/CAM-01,CL 63 SUR - KR 98A (E-O),CL 63 SUR - KR 97B (E-O),MT. No.: 20204000111021 Marzo 27 de 2020,30,Calle 63 Sur,KR 98 A,(Oriente - Occidente),Única,3,Bosa,C.29 - C.35 - D.02,-74.19841600011245,4.633861999542211,-74.198416,4.633862
