id_camara;corredor_principal;via_secundaria;latitud;longitud;velocidad_maxima;localidad;vel_promedio_2019;vel_promedio_2022;delta_vel;delta_vel_pct;num_accidentes_2019;num_accidentes_2022;delta_accidentes;acc_con_heridos_2019;acc_con_heridos_2022;acc_con_muertos_2019;acc_con_muertos_2022;acc_solo_danos_2019;acc_solo_danos_2022;match_2019;match_2022
DEI-001/CAM-01;Av. Boyacá;Av. Primero de Mayo;4,615664000218827;-74,14026699984419;50;Kennedy;23,034702879136145;19,82520932161394;-3,2094935575222046;-13,9;13;7;-6;4;6;0;0;9;1;True;False
DEI-001/CAM-02;Av. Boyacá;Av. Primero de Mayo;4,615397999523576;-74,14026099999641;50;Kennedy;23,034702879136145;19,82520932161394;-3,2094935575222046;-13,9;7;1;-6;4;1;0;0;3;0;True;False
DEI-002/CAM-01;Av. Boyacá;Av. Américas;4,628592999715631;-74,1379799996236;50;Kennedy;36,41143688550092;29,33258670471336;-7,078850180787558;-19,4;13;6;-7;4;3;0;0;9;3;True;True
DEI-002/CAM-02;Av. Boyacá;Av. Américas;4,628479000102544;-74,1379150002246;50;Kennedy;36,41143688550092;29,33258670471336;-7,078850180787558;-19,4;5;2;-3;2;1;0;0;3;1;True;True
DEI-003/CAM-01;Av. Carrera 68;Av. Américas;4,627310999725743;-74,1230539997995;50;Puente Aranda;22,389293400390624;27,338241911903477;4,948948511512853;22,1;4;6;2;1;4;0;0;3;2;True;False
DEI-003/CAM-02;Av. Carrera 68;Av. Américas;4,627578999826209;-74,12298400037763;50;Puente Aranda;22,389293400390624;27,338241911903477;4,948948511512853;22,1;11;3;-8;5;2;0;0;6;1;True;False
DEI-004/CAM-01;Calle 139;TV 136;4,746529199844173;-74,1124386;30;Suba;36,96922966402662;31,782382376900003;-5,186847287126618;-14,0;6;3;-3;5;3;0;0;1;0;False;False
DEI-005/CAM-01;Av. Gaitán Cortés;CL 41 Sur;4,587856999849337;-74,125872;30;Rafael Uribe Uribe;25,119248107321805;21,569930520961464;-3,549317586360342;-14,1;6;6;0;5;5;0;0;1;1;False;False
DEI-006/CAM-01;Av. Boyacá;Autopista Sur;4,592947999849173;-74,145381;50;Tunjuelito;27,406673465677944;25,2056573848762;-2,201016080801743;-8,0;5;5;0;4;4;0;1;1;0;True;True
DEI-006/CAM-02;Av. Boyacá;Autopista Sur;4,592971999849184;-74,145308;50;Tunjuelito;27,406673465677944;25,2056573848762;-2,201016080801743;-8,0;6;3;-3;2;3;0;0;4;0;True;True
DEI-007/CAM-01;Av. Boyacá;CL 53;4,670858999846638;-74,10697600000002;50;Engativá;22,58103212010467;34,87569011809976;12,294657997995092;54,4;10;1;-9;1;0;1;0;8;1;True;True
DEI-007/CAM-02;Av. Boyacá;CL 53;4,671710999846603;-74,106668;50;Engativá;36,806728551648106;34,87569011809976;-1,9310384335483448;-5,2;1;2;1;0;2;0;0;1;0;True;True
DEI-007/CAM-03;Av. Boyacá;CL 63D;4,675943999846486;-74,102881;50;Engativá;36,806728551648106;34,87569011809976;-1,9310384335483448;-5,2;5;5;0;2;5;0;0;3;0;True;True
DEI-008/CAM-01;Av. Bosa;KR 78F;4,6045899998487885;-74,180026;50;Bosa;27,22105371515625;29,321665060348025;2,1006113451917763;7,7;5;3;-2;2;2;0;0;3;1;True;True
DEI-008/CAM-02;Av. Bosa;KR 78F;4,604663999412226;-74,1798620004015;50;Bosa;27,22105371515625;29,321665060348025;2,1006113451917763;7,7;3;1;-2;1;1;0;0;2;0;True;True
DEI-009/CAM-01;Av. Boyacá;Av. Suba;4,722891999844944;-74,073829;50;Suba;32,27736465583788;25,962601516478674;-6,314763139359204;-19,6;4;1;-3;1;1;0;0;3;0;False;False
DEI-009/CAM-02;Av. Boyacá;Av. Suba;4,722667999844954;-74,073843;50;Suba;32,27736465583788;25,962601516478674;-6,314763139359204;-19,6;4;2;-2;2;1;0;0;2;1;False;False
DEI-010/CAM-01;Autopista Norte;CL 94;4,683742999846218;-74,057933;60;Barrios Unidos;29,338014452893308;37,779742511168784;8,441728058275476;28,8;13;5;-8;1;2;0;0;12;3;True;True
DEI-010/CAM-02;Autopista Norte;CL 94;4,683754999846214;-74,058104;60;Barrios Unidos;29,338014452893308;37,779742511168784;8,441728058275476;28,8;0;2;2;0;2;0;0;0;0;True;True
DEI-010/CAM-03;Autopista Norte;CL 94;4,684900999846183;-74,05728599999999;60;Chapinero;29,338014452893308;37,779742511168784;8,441728058275476;28,8;6;4;-2;1;4;0;0;5;0;True;True
DEI-011/CAM-01;Av. Ciudad de Cali;Av. Centenario;4,657055999847091;-74,13819599999998;50;Kennedy;39,348793339806136;24,413579012128185;-14,93521432767795;-38,0;13;6;-7;3;4;1;1;9;1;False;False
DEI-012/CAM-01;Av. NQS;Av. Américas;4,622009999848231;-74,085441;50;Puente Aranda;41,52772614316297;44,40987243947787;2,8821462963149003;6,9;8;6;-2;2;5;0;0;6;1;True;True
DEI-012/CAM-02;Av. NQS;Av. Américas;4,621979999848231;-74,08554439999999;50;Puente Aranda;41,52772614316297;44,40987243947787;2,8821462963149003;6,9;10;3;-7;2;1;1;1;7;1;True;True
DEI-013/CAM-01;Av. Calle 80;KR 102;4,712026999845297;-74,114374;50;Engativá;14,976633344982952;28,396654897830356;13,420021552847404;89,6;5;6;1;1;6;1;0;3;0;False;False
DEI-013/CAM-02;Av. Calle 80;KR 102;4,711926999845301;-74,114011;50;Engativá;14,976633344982952;28,396654897830356;13,420021552847404;89,6;13;4;-9;4;2;0;0;9;2;False;False
DEI-014/CAM-01;Av. Primero de Mayo;CL 45 Sur;4,61427799984848;-74,16479599999998;40;Kennedy;24,632802669197833;20,851440858624546;-3,781361810573287;-15,4;5;1;-4;3;0;0;0;2;1;False;False
DEI-014/CAM-02;Av. Primero de Mayo;CL 45 Sur;4,614664999848463;-74,16411699999999;40;Kennedy;24,632802669197833;20,851440858624546;-3,781361810573287;-15,4;9;4;-5;7;4;0;0;2;0;False;False
DEI-015/CAM-01;Av. Ciudad de Cali;CL 133 A;4,739126999844416;-74,099365;30;Suba;36,96922966402662;31,782382376900003;-5,186847287126618;-14,0;4;1;-3;4;1;0;0;0;0;True;True
DEI-015/CAM-02;Av. Ciudad de Cali;CL 133 A;4,738996999844432;-74,099386;30;Suba;36,96922966402662;31,782382376900003;-5,186847287126618;-14,0;1;3;2;1;3;0;0;0;0;True;True
DEI-016/CAM-01;Av. NQS;CL 59r;4,649069999847345;-74,078438;50;Teusaquillo;19,243052798355595;65,73550964903143;46,492456850675836;241,6;3;0;-3;1;0;0;0;2;0;True;True
DEI-016/CAM-02;Av. NQS;CL 59;4,649062999847355;-74,078201;50;Teusaquillo;19,243052798355595;65,73550964903143;46,492456850675836;241,6;0;1;1;0;0;0;0;0;1;True;True
DEI-016/CAM-03;Av. NQS;CL 59;4,649534999847324;-74,07881800000001;50;Teusaquillo;19,243052798355595;65,73550964903143;46,492456850675836;241,6;11;3;-8;0;2;0;1;11;0;True;True
DEI-017/CAM-01;Autopista Norte;CL 100;4,689569999846026;-74,057123;60;Suba;29,460308465266337;30,06893056115642;0,6086220958900839;2,1;6;0;-6;1;0;1;0;4;0;True;True
DEI-017/CAM-02;Autopista Norte;CL 100;4,689557999846029;-74,057024;60;Suba;29,460308465266337;30,06893056115642;0,6086220958900839;2,1;8;0;-8;2;0;0;0;6;0;True;True
DEI-017/CAM-03;Autopista Norte;CL 100;4,689807999846024;-74,056519;60;Usaquén;29,460308465266337;30,06893056115642;0,6086220958900839;2,1;2;0;-2;0;0;0;0;2;0;True;True
DEI-017/CAM-04;Autopista Norte;CL 100;4,68978399984602;-74,056347;60;Usaquén;29,460308465266337;30,06893056115642;0,6086220958900839;2,1;1;0;-1;0;0;0;0;1;0;False;False
DEI-018/CAM-01;Av. Carrera 10;CL 11 Sur;4,5804409998495865;-74,091327;30;Antonio Nariño;26,075091196840784;28,46850848703394;2,393417290193156;9,2;1;3;2;0;3;0;0;1;0;True;True
DEI-018/CAM-02;Av. Carrera 10;CL 11 Sur;4,580291999849585;-74,091083;30;San Cristóbal;26,075091196840784;28,46850848703394;2,393417290193156;9,2;6;3;-3;1;2;1;0;4;1;True;True
DEI-019/CAM-01;Av. NQS;AC 72;4,66742499984675;-74,07403599999999;50;Barrios Unidos;28,162002303890514;25,57526470051785;-2,586737603372665;-9,2;12;5;-7;3;5;0;0;9;0;True;True
DEI-019/CAM-02;Av. NQS;AC 72;4,668772999846709;-74,072153;50;Barrios Unidos;26,133441546844452;23,484486699171253;-2,648954847673199;-10,1;12;9;-3;3;8;0;0;9;1;True;True
DEI-020/CAM-01;Av. Ciudad de Cali;AC 80;4,7008169998456655;-74,102772;50;Engativá;24,43464218390211;22,509712437627343;-1,924929746274767;-7,9;12;6;-6;2;5;0;0;10;1;True;True
DEI-020/CAM-02;Av. Ciudad de Cali;AC 80;4,70049299984568;-74,102949;50;Engativá;24,43464218390211;22,509712437627343;-1,924929746274767;-7,9;10;3;-7;5;2;0;1;5;0;True;True
DEI-021/CAM-01;Av. Caracas;CL 60;4,646721999847421;-74,064996;50;Chapinero;12,498353216312035;25,21999035944108;12,721637143129046;101,8;12;6;-6;5;4;0;1;7;1;True;True
DEI-021/CAM-02;Av. Caracas;CL 60;4,647454999847404;-74,065202;50;Teusaquillo;49,24907012620266;25,21999035944108;-24,02907976676158;-48,8;8;9;1;5;6;0;0;3;3;True;True
DEI-022/CAM-01;Autopista Norte;CL 170;4,7506889998440345;-74,046951;60;Suba;19,271718892004603;16,227398882153338;-3,0443200098512655;-15,8;12;5;-7;1;5;0;0;11;0;False;False
DEI-022/CAM-03;Autopista Norte;CL 170;4,755323999843884;-74,045449;60;Usaquén;19,271718892004603;16,227398882153338;-3,0443200098512655;-15,8;10;3;-7;2;2;0;0;8;1;False;False
DEI-023/CAM-01;Av. Boyacá;AC 26;4,663928999846873;-74,113866;50;Fontibón;29,77277754067477;33,64046761573063;3,867690075055858;13,0;9;4;-5;2;3;0;0;7;1;False;False
DEI-023/CAM-02;Av. Boyacá;AC 26;4,663861999846866;-74,113855;50;Fontibón;29,77277754067477;33,64046761573063;3,867690075055858;13,0;9;6;-3;1;5;1;0;7;1;False;False
DEI-024/CAM-01;Av. Américas;Rotonda Banderas;4,630948999847944;-74,145344;50;Kennedy;26,008556443926324;19,47382147502577;-6,534734968900555;-25,1;8;4;-4;1;4;0;0;7;0;False;False
DEI-024/CAM-02;Av. Américas;Rotonda Banderas;4,633057999847876;-74,15040999999998;50;Kennedy;23,23856050825;27,922910113150863;4,684349604900863;20,2;14;5;-9;4;4;1;0;9;1;False;False
DEI-025/CAM-01;Autopista Norte;CL 183;4,761776999843684;-74,044827;60;Suba;19,271718892004603;16,227398882153338;-3,0443200098512655;-15,8;4;1;-3;1;1;0;0;3;0;False;False
DEI-025/CAM-03;Autopista Norte;CL 183;4,761744999843677;-74,044596;60;Usaquén;19,271718892004603;16,227398882153338;-3,0443200098512655;-15,8;9;1;-8;2;1;0;0;7;0;False;False
DEI-026/CAM-01;Av Villavicencio;KR 32;4,570809999922547;-74,14928199975883;50;Ciudad Bolívar;24,577283185637665;25,2056573848762;0,6283741992385359;2,6;5;1;-4;2;1;1;0;2;0;False;False
DEI-026/CAM-02;Av Villavicencio;KR 32;4,570567000260974;-74,14879100038748;50;Ciudad Bolívar;24,577283185637665;25,2056573848762;0,6283741992385359;2,6;10;7;-3;6;5;1;1;3;1;False;False
DEI-027/CAM-01;Av. Carrera 10;CL 19;4,606396999432715;-74,07398899994116;50;Santa Fe;37,02892285591581;25,15480037173172;-11,874122484184088;-32,1;17;1;-16;6;1;1;0;10;0;True;True
DEI-027/CAM-02;Av. Carrera 10;CL 19;4,607345000096788;-74,07374000041915;50;Santa Fe;37,02892285591581;25,15480037173172;-11,874122484184088;-32,1;24;8;-16;13;5;0;0;11;3;True;True
DEI-028/CAM-01;Av. Carrera 7;CL 94;4,673882999489067;-74,04235300003761;60;Chapinero;30,46361186728589;25,752407950721608;-4,711203916564283;-15,5;4;1;-3;1;1;0;0;3;0;False;False
DEI-028/CAM-02;Av. Carrera 7;CL 94;4,673841999730179;-74,04230899965668;60;Chapinero;30,46361186728589;25,752407950721608;-4,711203916564283;-15,5;6;0;-6;1;0;0;0;5;0;False;False
DEI-029/CAM-01;Autopista Norte;CL 116;4,696590999430159;-74,05579500008035;60;Suba;40,246632843583576;38,26935945970731;-1,9772733838762662;-4,9;1;0;-1;0;0;0;0;1;0;True;True
DEI-029/CAM-02;Autopista Norte;CL 116;4,696582999933768;-74,05569600034615;60;Suba;40,246632843583576;38,26935945970731;-1,9772733838762662;-4,9;7;0;-7;0;0;0;0;7;0;True;True
DEI-029/CAM-03;Autopista Norte;CL 116;4,696997999539614;-74,05527899969631;60;Usaquén;40,246632843583576;38,26935945970731;-1,9772733838762662;-4,9;2;1;-1;0;0;0;0;2;1;True;True
DEI-029/CAM-04;Autopista Norte;CL 116;4,696969999975246;-74,05511999968766;60;Usaquén;40,246632843583576;38,26935945970731;-1,9772733838762662;-4,9;8;1;-7;2;1;0;0;6;0;True;True
DEI-030/CAM-01;Av. Boyacá;CL 169 B;4,752991999764451;-74,06536800021183;50;Suba;24,718702612752896;24,802406109484114;0,0837034967312178;0,3;0;0;0;0;0;0;0;0;0;False;False
DEI-030/CAM-02;Av. Boyacá;CL 169 B;4,7529969996024;-74,06527699997523;50;Suba;24,718702612752896;24,802406109484114;0,0837034967312178;0,3;3;1;-2;1;1;0;0;2;0;False;False
DEI-031/CAM-01;Av. Ciudad de Cali;CL 53 Sur;4,624576000036878;-74,17872500005144;50;Bosa;23,23856050825;29,321665060348025;6,083104552098025;26,2;1;2;1;0;1;0;1;1;0;False;False
DEI-031/CAM-02;Av. Ciudad de Cali;CL 53 Sur;4,623902999878652;-74,17913199975723;50;Bosa;21,338831907611336;29,321665060348025;7,9828331527366885;37,4;2;3;1;2;2;0;0;0;1;False;False
DEI-032/CAM-01;Av. Ciudad de Cali;Av. Suba;4,746055999849885;-74,09650000032524;50;Suba;42,94022914266304;39,36306156593292;-3,577167576730126;-8,3;4;2;-2;3;1;0;0;1;1;True;True
DEI-032/CAM-02;Av. Ciudad de Cali;Av. Suba;4,747010000251749;-74,09601099970538;50;Suba;42,94022914266304;39,36306156593292;-3,577167576730126;-8,3;8;5;-3;1;4;0;0;7;1;True;True
DEI-033/CAM-01;Av. Calle 80;KR 114;4,722723999480545;-74,12213800028069;50;Engativá;29,17373062177487;28,396654897830356;-0,7770757239445132;-2,7;7;3;-4;1;2;0;0;6;1;False;False
DEI-033/CAM-02;Av. Calle 80;KR 114;4,723063999684645;-74,12214400012849;50;Engativá;29,17373062177487;28,396654897830356;-0,7770757239445132;-2,7;5;1;-4;1;0;1;0;3;1;False;False
DEI-034/CAM-01;Av. Carrera 9;KR 9;4,693124000146465;-74,03521899956438;60;Usaquén;49,955348520921014;21,6252531082575;-28,330095412663514;-56,7;8;2;-6;1;1;0;0;7;1;False;False
DEI-034/CAM-02;Av. Carrera 9;KR 9;4,692432000090112;-74,03524600022686;60;Usaquén;49,955348520921014;21,6252531082575;-28,330095412663514;-56,7;5;2;-3;0;1;0;0;5;1;False;False
DEI-035/CAM-01;Av. Carrera 68;AC 80;4,68499099946981;-74,07775900011823;50;Engativá;29,618499029743333;23,779409438523228;-5,839089591220105;-19,7;6;4;-2;3;3;0;0;3;1;True;True
DEI-035/CAM-02;Av. Carrera 68;AC 80;4,685051999885596;-74,07770800006459;50;Engativá;29,618499029743333;23,779409438523228;-5,839089591220105;-19,7;4;1;-3;3;0;0;0;1;1;True;True
DEI-036/CAM-01;Autopista Norte;CL 127;4,709979999810975;-74,05369000033295;60;Suba;11,790992567572621;16,402450379628014;4,611457812055393;39,1;2;3;1;0;2;0;0;2;1;True;False
DEI-036/CAM-02;Autopista Norte;CL 127;4,70995900008162;-74,05349399961605;60;Suba;11,790992567572621;16,402450379628014;4,611457812055393;39,1;5;1;-4;1;1;0;0;4;0;True;False
DEI-036/CAM-03;Autopista Norte;CL 127;4,709373999436883;-74,05326799966025;60;Usaquén;11,790992567572621;16,402450379628014;4,611457812055393;39,1;5;1;-4;2;1;0;0;3;0;True;False
DEI-036/CAM-04;Autopista Norte;CL 127;4,709356999811749;-74,05307500021472;60;Usaquén;11,790992567572621;16,402450379628014;4,611457812055393;39,1;3;0;-3;0;0;0;0;3;0;True;False
DEI-037/CAM-01;Av. Ciudad de Cali;Av. Villavicencio;4,627521000240712;-74,17245099991884;50;Kennedy;23,23856050825;27,922910113150863;4,684349604900863;20,2;2;1;-1;1;1;0;0;1;0;False;False
DEI-037/CAM-02;Av. Ciudad de Cali;Av. Villavicencio;4,627931999763587;-74,17207199980214;50;Kennedy;23,23856050825;27,922910113150863;4,684349604900863;20,2;7;6;-1;4;5;0;0;3;1;False;False
DEI-038/CAM-01;Autopista Sur;CL 59 Sur;4,596582000056071;-74,17591499977414;60;Ciudad Bolívar;27,22105371515625;29,321665060348025;2,1006113451917763;7,7;20;7;-13;10;5;0;0;10;2;False;False
DEI-038/CAM-02;Autopista Sur;CL 59 Sur;4,596833999750017;-74,17482000015518;60;Bosa;27,22105371515625;29,321665060348025;2,1006113451917763;7,7;5;2;-3;2;1;0;0;3;1;False;False
DEI-039/CAM-01;Av. Américas;KR 70 B;4,62978999946895;-74,13324600024717;50;Kennedy;17,464316302019363;13,1855822064228;-4,278734095596562;-24,5;4;1;-3;2;1;0;0;2;0;True;True
DEI-039/CAM-02;Av. Américas;KR 70 B;4,630166999957846;-74,1332410002243;50;Kennedy;17,464316302019363;13,1855822064228;-4,278734095596562;-24,5;1;0;-1;0;0;0;0;1;0;True;True
DEI-040/CAM-01;Calle 63 Sur;KR 98 A;4,633861999542211;-74,19841600011245;30;Bosa;21,325782867297917;36,51107928028684;15,185296412988926;71,2;1;4;3;1;4;0;0;0;0;False;False
