TID;hora;vel_promedio_hora;corredor_principal;anio
18;0;16,37806513373913;Autopista Norte;2019
18;1;18,211086656607144;Autopista Norte;2019
18;2;19,177694266698115;Autopista Norte;2019
18;3;20,27101441264151;Autopista Norte;2019
18;4;20,821000214495413;Autopista Norte;2019
18;5;18,78815608;Autopista Norte;2019
18;6;11,042837889568965;Autopista Norte;2019
18;7;9,63480440804878;Autopista Norte;2019
18;8;8,843801144758064;Autopista Norte;2019
18;9;8,849482506115702;Autopista Norte;2019
18;10;8,806529780666667;Autopista Norte;2019
18;11;8,464057497073172;Autopista Norte;2019
18;12;8,154112668387096;Autopista Norte;2019
18;13;8,06629697983871;Autopista Norte;2019
18;14;8,360649905887097;Autopista Norte;2019
18;15;8,362776385080645;Autopista Norte;2019
18;16;8,655483299083333;Autopista Norte;2019
18;17;8,320522306583333;Autopista Norte;2019
18;18;7,978353593166667;Autopista Norte;2019
18;19;8,164118883697478;Autopista Norte;2019
18;20;9,61146047075;Autopista Norte;2019
18;21;10,890281142991451;Autopista Norte;2019
18;22;12,471809174;Autopista Norte;2019
18;23;14,659426821864407;Autopista Norte;2019
65;0;31,406351709166664;Av. Carrera 68;2019
65;1;34,397531663781514;Av. Carrera 68;2019
65;2;36,397280192695646;Av. Carrera 68;2019
65;3;37,07606436387931;Av. Carrera 68;2019
65;4;33,9298435789916;Av. Carrera 68;2019
65;5;25,51772835819672;Av. Carrera 68;2019
65;6;18,023397811465514;Av. Carrera 68;2019
65;7;16,839676083057853;Av. Carrera 68;2019
65;8;18,107855168629037;Av. Carrera 68;2019
65;9;17,169953413709678;Av. Carrera 68;2019
65;10;16,1791491875;Av. Carrera 68;2019
65;11;15,796889457288136;Av. Carrera 68;2019
65;12;16,285259508032787;Av. Carrera 68;2019
65;13;17,309722234308943;Av. Carrera 68;2019
65;14;17,80684283707317;Av. Carrera 68;2019
65;15;17,767816694273503;Av. Carrera 68;2019
65;16;18,10886871142857;Av. Carrera 68;2019
65;17;17,753540735378152;Av. Carrera 68;2019
65;18;17,182839103865547;Av. Carrera 68;2019
65;19;18,69064950831933;Av. Carrera 68;2019
65;20;20,16415651975;Av. Carrera 68;2019
65;21;22,401689773916665;Av. Carrera 68;2019
65;22;24,974908228416663;Av. Carrera 68;2019
65;23;28,05502676625;Av. Carrera 68;2019
90;0;32,06758876198198;Av. Boyacá;2019
90;1;33,371006761682246;Av. Boyacá;2019
90;2;35,967420125416666;Av. Boyacá;2019
90;3;35,666644758396224;Av. Boyacá;2019
90;4;34,47719603051724;Av. Boyacá;2019
90;5;30,396930468534485;Av. Boyacá;2019
90;6;23,53657797094828;Av. Boyacá;2019
90;7;18,04835405133333;Av. Boyacá;2019
90;8;16,29990599121951;Av. Boyacá;2019
90;9;15,698197406048388;Av. Boyacá;2019
90;10;15,465983206333334;Av. Boyacá;2019
90;11;16,282187921322315;Av. Boyacá;2019
90;12;17,374400575772356;Av. Boyacá;2019
90;13;18,121596291382115;Av. Boyacá;2019
90;14;18,23289910008197;Av. Boyacá;2019
90;15;18,669734250991738;Av. Boyacá;2019
90;16;18,752078541008405;Av. Boyacá;2019
90;17;18,2512843845;Av. Boyacá;2019
90;18;17,91012051875;Av. Boyacá;2019
90;19;19,478417415000003;Av. Boyacá;2019
90;20;20,73990350016667;Av. Boyacá;2019
90;21;22,70796299708333;Av. Boyacá;2019
90;22;25,934513042521008;Av. Boyacá;2019
90;23;29,38196502827586;Av. Boyacá;2019
92;0;31,95381166914285;Av. Boyacá;2019
92;1;32,71102596826087;Av. Boyacá;2019
92;2;34,642583083125;Av. Boyacá;2019
92;3;35,44447173756757;Av. Boyacá;2019
92;4;33,665178940888886;Av. Boyacá;2019
92;5;27,84288881016393;Av. Boyacá;2019
92;6;19,840951314913795;Av. Boyacá;2019
92;7;15,509692371626016;Av. Boyacá;2019
92;8;16,414300349512196;Av. Boyacá;2019
92;9;15,587497005284552;Av. Boyacá;2019
92;10;15,02614882983471;Av. Boyacá;2019
92;11;15,623392792601626;Av. Boyacá;2019
92;12;16,45987739622951;Av. Boyacá;2019
92;13;16,664859341788617;Av. Boyacá;2019
92;14;14,7522142975;Av. Boyacá;2019
92;15;16,63955680270492;Av. Boyacá;2019
92;16;18,472348409310342;Av. Boyacá;2019
92;17;19,03119793805085;Av. Boyacá;2019
92;18;19,72993769;Av. Boyacá;2019
92;19;22,433832800258617;Av. Boyacá;2019
92;20;23,05189798381356;Av. Boyacá;2019
92;21;23,30984543252252;Av. Boyacá;2019
92;22;26,783643212882883;Av. Boyacá;2019
92;23;30,353616704528303;Av. Boyacá;2019
149;0;32,004407082499995;Av. Bosa;2019
149;1;38,8239366;Av. Bosa;2019
149;2;50,6553192075;Av. Bosa;2019
149;3;50,19197352125;Av. Bosa;2019
149;4;49,6311523325;Av. Bosa;2019
149;5;29,212272155;Av. Bosa;2019
149;6;21,34844972875;Av. Bosa;2019
149;7;23,46657685375;Av. Bosa;2019
149;8;26,54138608375;Av. Bosa;2019
149;9;24,05577411625;Av. Bosa;2019
149;10;22,54012729125;Av. Bosa;2019
149;11;25,02644975125;Av. Bosa;2019
149;12;22,56342795875;Av. Bosa;2019
149;13;25,57615745875;Av. Bosa;2019
149;14;25,22058833375;Av. Bosa;2019
149;15;19,109635897;Av. Bosa;2019
149;16;19,790535375;Av. Bosa;2019
149;17;20,5459671875;Av. Bosa;2019
149;18;16,558595103;Av. Bosa;2019
149;19;19,589564875;Av. Bosa;2019
149;20;21,11411562375;Av. Bosa;2019
149;21;14,794263375;Av. Bosa;2019
149;22;27,21717575125;Av. Bosa;2019
149;23;27,72743750125;Av. Bosa;2019
1000036;0;43,68992142721739;Autopista Norte;2019
1000036;1;45,62805969525862;Autopista Norte;2019
1000036;2;48,9833495187156;Autopista Norte;2019
1000036;3;50,201678592777775;Autopista Norte;2019
1000036;4;49,7630427890909;Autopista Norte;2019
1000036;5;46,11601236960784;Autopista Norte;2019
1000036;6;30,182625018292683;Autopista Norte;2019
1000036;7;18,89284019981132;Autopista Norte;2019
1000036;8;18,897090425;Autopista Norte;2019
1000036;9;19,033121330569102;Autopista Norte;2019
1000036;10;19,40528113413223;Autopista Norte;2019
1000036;11;19,919937363252032;Autopista Norte;2019
1000036;12;20,520514899112904;Autopista Norte;2019
1000036;13;20,192449009919358;Autopista Norte;2019
1000036;14;22,020442533064514;Autopista Norte;2019
1000036;15;23,248301847903225;Autopista Norte;2019
1000036;16;21,597412459666668;Autopista Norte;2019
1000036;17;21,190871834333333;Autopista Norte;2019
1000036;18;19,63128833689076;Autopista Norte;2019
1000036;19;21,15508601743589;Autopista Norte;2019
1000036;20;23,697473706083333;Autopista Norte;2019
1000036;21;26,68573556425;Autopista Norte;2019
1000036;22;32,174007178793104;Autopista Norte;2019
1000036;23;41,28580361826087;Autopista Norte;2019
1000199;0;45,457927453;Av. Carrera 10;2019
1000199;1;46,98954521008333;Av. Carrera 10;2019
1000199;2;48,39150657445378;Av. Carrera 10;2019
1000199;3;48,18869266033333;Av. Carrera 10;2019
1000199;4;47,27793825967213;Av. Carrera 10;2019
1000199;5;45,57523833565574;Av. Carrera 10;2019
1000199;6;40,783736008620686;Av. Carrera 10;2019
1000199;7;39,03141000959349;Av. Carrera 10;2019
1000199;8;37,33847148612903;Av. Carrera 10;2019
1000199;9;35,15181704620968;Av. Carrera 10;2019
1000199;10;34,96274598991736;Av. Carrera 10;2019
1000199;11;33,18760505821138;Av. Carrera 10;2019
1000199;12;30,061107714112904;Av. Carrera 10;2019
1000199;13;29,118633273064518;Av. Carrera 10;2019
1000199;14;31,54726141620968;Av. Carrera 10;2019
1000199;15;32,63213340612904;Av. Carrera 10;2019
1000199;16;32,420317674416665;Av. Carrera 10;2019
1000199;17;29,8520344715;Av. Carrera 10;2019
1000199;18;26,500270974;Av. Carrera 10;2019
1000199;19;27,616404744666667;Av. Carrera 10;2019
1000199;20;29,25097605466667;Av. Carrera 10;2019
1000199;21;33,49328218475;Av. Carrera 10;2019
1000199;22;39,47593078166666;Av. Carrera 10;2019
1000199;23;44,38916175491667;Av. Carrera 10;2019
1000201;0;38,4836716889916;Av. NQS;2019
1000201;1;40,4319853585;Av. NQS;2019
1000201;2;42,43057606445378;Av. NQS;2019
1000201;3;39,17737402214876;Av. NQS;2019
1000201;4;36,92214025512195;Av. NQS;2019
1000201;5;30,351861480983608;Av. NQS;2019
1000201;6;23,474066378803418;Av. NQS;2019
1000201;7;22,67229246317073;Av. NQS;2019
1000201;8;25,011283257903223;Av. NQS;2019
1000201;9;24,562579636935485;Av. NQS;2019
1000201;10;24,552811192892563;Av. NQS;2019
1000201;11;24,11757636770492;Av. NQS;2019
1000201;12;24,023758278467746;Av. NQS;2019
1000201;13;23,69505943201613;Av. NQS;2019
1000201;14;23,307898286341462;Av. NQS;2019
1000201;15;23,195012713951613;Av. NQS;2019
1000201;16;21,61655291975;Av. NQS;2019
1000201;17;22,62540245225;Av. NQS;2019
1000201;18;22,238653405833336;Av. NQS;2019
1000201;19;24,429177338166667;Av. NQS;2019
1000201;20;25,98796807823529;Av. NQS;2019
1000201;21;27,65854902125;Av. NQS;2019
1000201;22;30,6076808765;Av. NQS;2019
1000201;23;34,314124323;Av. NQS;2019
1000203;0;41,20918846384616;Av. NQS;2019
1000203;1;42,76641223324786;Av. NQS;2019
1000203;2;42,28001250554622;Av. NQS;2019
1000203;3;43,85508620677966;Av. NQS;2019
1000203;4;41,63301022243903;Av. NQS;2019
1000203;5;28,468190447786885;Av. NQS;2019
1000203;6;15,993669835603448;Av. NQS;2019
1000203;7;15,380919746666669;Av. NQS;2019
1000203;8;16,63304152983871;Av. NQS;2019
1000203;9;15,06074321217742;Av. NQS;2019
1000203;10;17,22285500752066;Av. NQS;2019
1000203;11;19,337724658617883;Av. NQS;2019
1000203;12;20,129933311048383;Av. NQS;2019
1000203;13;19,216076001693548;Av. NQS;2019
1000203;14;18,3130263358871;Av. NQS;2019
1000203;15;19,191397495483876;Av. NQS;2019
1000203;16;21,177981260333336;Av. NQS;2019
1000203;17;21,38375209666667;Av. NQS;2019
1000203;18;21,082738066833333;Av. NQS;2019
1000203;19;23,6451269935;Av. NQS;2019
1000203;20;25,200818530416665;Av. NQS;2019
1000203;21;28,743561506916667;Av. NQS;2019
1000203;22;32,13235565833333;Av. NQS;2019
1000203;23;37,14497579708333;Av. NQS;2019
1000214;0;30,70784822825;Av. Carrera 10;2019
1000214;1;31,98015126830509;Av. Carrera 10;2019
1000214;2;32,740120925739134;Av. Carrera 10;2019
1000214;3;34,78819668743363;Av. Carrera 10;2019
1000214;4;33,40220125041322;Av. Carrera 10;2019
1000214;5;32,89589920216667;Av. Carrera 10;2019
1000214;6;27,829900327435897;Av. Carrera 10;2019
1000214;7;24,12137577;Av. Carrera 10;2019
1000214;8;22,26517877395161;Av. Carrera 10;2019
1000214;9;22,454866822580648;Av. Carrera 10;2019
1000214;10;22,517071641735537;Av. Carrera 10;2019
1000214;11;22,26415333737705;Av. Carrera 10;2019
1000214;12;21,34619242741936;Av. Carrera 10;2019
1000214;13;21,705019444274196;Av. Carrera 10;2019
1000214;14;21,56497501209677;Av. Carrera 10;2019
1000214;15;23,065676395;Av. Carrera 10;2019
1000214;16;23,838368054416662;Av. Carrera 10;2019
1000214;17;22,53045291733333;Av. Carrera 10;2019
1000214;18;21,52575813825;Av. Carrera 10;2019
1000214;19;23,156077573416667;Av. Carrera 10;2019
1000214;20;24,85469604875;Av. Carrera 10;2019
1000214;21;26,6176581765;Av. Carrera 10;2019
1000214;22;28,050865372916668;Av. Carrera 10;2019
1000214;23;29,579484928416665;Av. Carrera 10;2019
1000228;0;47,15806697859813;Av. Boyacá;2019
1000228;1;46,79036654027778;Av. Boyacá;2019
1000228;2;46,40038083201835;Av. Boyacá;2019
1000228;3;50,25516542981818;Av. Boyacá;2019
1000228;4;47,58865436078261;Av. Boyacá;2019
1000228;5;40,464564499026544;Av. Boyacá;2019
1000228;6;28,88124504093458;Av. Boyacá;2019
1000228;7;24,12077391159292;Av. Boyacá;2019
1000228;8;28,890253078448275;Av. Boyacá;2019
1000228;9;29,78690475347826;Av. Boyacá;2019
1000228;10;29,92901315605505;Av. Boyacá;2019
1000228;11;29,57365784980769;Av. Boyacá;2019
1000228;12;29,1237395345283;Av. Boyacá;2019
1000228;13;29,457030792429904;Av. Boyacá;2019
1000228;14;29,564468743557693;Av. Boyacá;2019
1000228;15;30,309018307027028;Av. Boyacá;2019
1000228;16;34,25842130441176;Av. Boyacá;2019
1000228;17;37,11566377221153;Av. Boyacá;2019
1000228;18;39,24128328317757;Av. Boyacá;2019
1000228;19;37,22282588411765;Av. Boyacá;2019
1000228;20;39,19971762;Av. Boyacá;2019
1000228;21;42,212119575;Av. Boyacá;2019
1000228;22;42,48622891216216;Av. Boyacá;2019
1000228;23;43,3319210800926;Av. Boyacá;2019
1000297;0;36,8687318525;Av. Boyacá;2019
1000297;1;40,3569020312605;Av. Boyacá;2019
1000297;2;42,56962862432204;Av. Boyacá;2019
1000297;3;42,87444016495868;Av. Boyacá;2019
1000297;4;41,33779839609756;Av. Boyacá;2019
1000297;5;36,38254610090164;Av. Boyacá;2019
1000297;6;25,413632846379308;Av. Boyacá;2019
1000297;7;21,29541223786885;Av. Boyacá;2019
1000297;8;21,34544732113821;Av. Boyacá;2019
1000297;9;20,319362988916662;Av. Boyacá;2019
1000297;10;20,147688555084745;Av. Boyacá;2019
1000297;11;19,854801857586207;Av. Boyacá;2019
1000297;12;18,668030929491525;Av. Boyacá;2019
1000297;13;19,787965808655464;Av. Boyacá;2019
1000297;14;20,064635945462182;Av. Boyacá;2019
1000297;15;20,940391819833334;Av. Boyacá;2019
1000297;16;21,75571106517544;Av. Boyacá;2019
1000297;17;22,041557891565212;Av. Boyacá;2019
1000297;18;22,08435638421053;Av. Boyacá;2019
1000297;19;23,42455151301724;Av. Boyacá;2019
1000297;20;25,808342639391302;Av. Boyacá;2019
1000297;21;29,821340550170937;Av. Boyacá;2019
1000297;22;30,84229906288136;Av. Boyacá;2019
1000297;23;33,75458658940171;Av. Boyacá;2019
1000306;0;30,574314094102565;Av. NQS;2019
1000306;1;32,93666162747899;Av. NQS;2019
1000306;2;35,41887524;Av. NQS;2019
1000306;3;38,53205884908333;Av. NQS;2019
1000306;4;34,8110367029752;Av. NQS;2019
1000306;5;22,20267158333333;Av. NQS;2019
1000306;6;15,683662281551722;Av. NQS;2019
1000306;7;13,69104180619469;Av. NQS;2019
1000306;8;14,09732687737288;Av. NQS;2019
1000306;9;13,96309928;Av. NQS;2019
1000306;10;13,329352917652177;Av. NQS;2019
1000306;11;13,045576860363637;Av. NQS;2019
1000306;12;12,19609885880342;Av. NQS;2019
1000306;13;11,739214065128206;Av. NQS;2019
1000306;14;12,105298990614036;Av. NQS;2019
1000306;15;12,792284138571429;Av. NQS;2019
1000306;16;12,70878599052174;Av. NQS;2019
1000306;17;12,902434072735042;Av. NQS;2019
1000306;18;13,382999475000002;Av. NQS;2019
1000306;19;15,64324413324324;Av. NQS;2019
1000306;20;16,628157936422017;Av. NQS;2019
1000306;21;17,557630226238533;Av. NQS;2019
1000306;22;20,08041142314815;Av. NQS;2019
1000306;23;25,81102973;Av. NQS;2019
1000759;0;32,64730170266667;Av. Ciudad de Cali;2019
1000759;1;33,76708307558333;Av. Ciudad de Cali;2019
1000759;2;33,50053330266667;Av. Ciudad de Cali;2019
1000759;3;31,510102695416663;Av. Ciudad de Cali;2019
1000759;4;32,21335837747968;Av. Ciudad de Cali;2019
1000759;5;27,94973862172131;Av. Ciudad de Cali;2019
1000759;6;23,38676258982906;Av. Ciudad de Cali;2019
1000759;7;22,286592414878047;Av. Ciudad de Cali;2019
1000759;8;20,14625088185484;Av. Ciudad de Cali;2019
1000759;9;20,42798235620968;Av. Ciudad de Cali;2019
1000759;10;20,426535329166665;Av. Ciudad de Cali;2019
1000759;11;20,41409592933333;Av. Ciudad de Cali;2019
1000759;12;19,6798483904065;Av. Ciudad de Cali;2019
1000759;13;19,73272046056452;Av. Ciudad de Cali;2019
1000759;14;20,214252694758063;Av. Ciudad de Cali;2019
1000759;15;21,946817464032257;Av. Ciudad de Cali;2019
1000759;16;24,497760178083336;Av. Ciudad de Cali;2019
1000759;17;22,639268231916667;Av. Ciudad de Cali;2019
1000759;18;20,5000750805;Av. Ciudad de Cali;2019
1000759;19;19,366892074000003;Av. Ciudad de Cali;2019
1000759;20;21,76744677583333;Av. Ciudad de Cali;2019
1000759;21;23,535995135666667;Av. Ciudad de Cali;2019
1000759;22;25,29756414825;Av. Ciudad de Cali;2019
1000759;23;28,576434502833333;Av. Ciudad de Cali;2019
1000773;0;40,43579419239583;Autopista Norte;2019
1000773;1;42,42997840072916;Autopista Norte;2019
1000773;2;44,041058375625;Autopista Norte;2019
1000773;3;43,79068633783505;Autopista Norte;2019
1000773;4;43,03827961646465;Autopista Norte;2019
1000773;5;33,231855338265305;Autopista Norte;2019
1000773;6;21,343485788229163;Autopista Norte;2019
1000773;7;18,5427799452;Autopista Norte;2019
1000773;8;22,1268606454;Autopista Norte;2019
1000773;9;21,546474965;Autopista Norte;2019
1000773;10;22,06730528587629;Autopista Norte;2019
1000773;11;22,2808306421875;Autopista Norte;2019
1000773;12;22,539465069166667;Autopista Norte;2019
1000773;13;23,2568014375;Autopista Norte;2019
1000773;14;23,876779639791668;Autopista Norte;2019
1000773;15;25,827233634583333;Autopista Norte;2019
1000773;16;26,798096014782608;Autopista Norte;2019
1000773;17;26,378207670326084;Autopista Norte;2019
1000773;18;24,561638838555552;Autopista Norte;2019
1000773;19;27,05861083576087;Autopista Norte;2019
1000773;20;28,53148356978261;Autopista Norte;2019
1000773;21;30,65040633032609;Autopista Norte;2019
1000773;22;34,16978824282609;Autopista Norte;2019
1000773;23;38,52350234978261;Autopista Norte;2019
1000780;0;47,97713672258333;Av. Boyacá;2019
1000780;1;50,37075424258333;Av. Boyacá;2019
1000780;2;50,76606272858333;Av. Boyacá;2019
1000780;3;50,63944125933884;Av. Boyacá;2019
1000780;4;51,2469512895122;Av. Boyacá;2019
1000780;5;44,92675279844263;Av. Boyacá;2019
1000780;6;36,81296984478632;Av. Boyacá;2019
1000780;7;34,27590339390244;Av. Boyacá;2019
1000780;8;34,28240521233871;Av. Boyacá;2019
1000780;9;31,38003942983871;Av. Boyacá;2019
1000780;10;29,306600126694214;Av. Boyacá;2019
1000780;11;28,48401355508197;Av. Boyacá;2019
1000780;12;28,826651774838712;Av. Boyacá;2019
1000780;13;29,78410018217742;Av. Boyacá;2019
1000780;14;29,28153117782258;Av. Boyacá;2019
1000780;15;29,213262870080644;Av. Boyacá;2019
1000780;16;29,427010712;Av. Boyacá;2019
1000780;17;29,004821481916668;Av. Boyacá;2019
1000780;18;28,476919244416667;Av. Boyacá;2019
1000780;19;30,0186676935;Av. Boyacá;2019
1000780;20;31,53387355375;Av. Boyacá;2019
1000780;21;32,853953834833334;Av. Boyacá;2019
1000780;22;39,37162013483333;Av. Boyacá;2019
1000780;23;45,61304198816666;Av. Boyacá;2019
1000951;0;50,419456284;Av. Ciudad de Cali;2019
1000951;1;49,55192594016667;Av. Ciudad de Cali;2019
1000951;2;51,11689938666667;Av. Ciudad de Cali;2019
1000951;3;51,447355057685954;Av. Ciudad de Cali;2019
1000951;4;54,79197763430894;Av. Ciudad de Cali;2019
1000951;5;45,78360915303279;Av. Ciudad de Cali;2019
1000951;6;33,89236183460177;Av. Ciudad de Cali;2019
1000951;7;30,794664913361345;Av. Ciudad de Cali;2019
1000951;8;30,57460023165289;Av. Ciudad de Cali;2019
1000951;9;27,65612551080645;Av. Ciudad de Cali;2019
1000951;10;24,9833656538843;Av. Ciudad de Cali;2019
1000951;11;26,294145720247933;Av. Ciudad de Cali;2019
1000951;12;24,793995810327868;Av. Ciudad de Cali;2019
1000951;13;27,924715600725808;Av. Ciudad de Cali;2019
1000951;14;30,25572665282258;Av. Ciudad de Cali;2019
1000951;15;32,04318722056452;Av. Ciudad de Cali;2019
1000951;16;29,468748649;Av. Ciudad de Cali;2019
1000951;17;29,13472229941667;Av. Ciudad de Cali;2019
1000951;18;31,364560361583337;Av. Ciudad de Cali;2019
1000951;19;36,686206305666666;Av. Ciudad de Cali;2019
1000951;20;37,997731443333336;Av. Ciudad de Cali;2019
1000951;21;38,94069080694916;Av. Ciudad de Cali;2019
1000951;22;43,02997801433333;Av. Ciudad de Cali;2019
1000951;23;48,3147614515;Av. Ciudad de Cali;2019
1001209;0;44,16059604747899;Av. Carrera 68;2019
1001209;1;49,59484244841666;Av. Carrera 68;2019
1001209;2;51,91659923425;Av. Carrera 68;2019
1001209;3;50,750603039666665;Av. Carrera 68;2019
1001209;4;45,107075476721306;Av. Carrera 68;2019
1001209;5;33,40512518483333;Av. Carrera 68;2019
1001209;6;28,927926481810346;Av. Carrera 68;2019
1001209;7;27,886558342786884;Av. Carrera 68;2019
1001209;8;28,30841074385246;Av. Carrera 68;2019
1001209;9;24,087992049590166;Av. Carrera 68;2019
1001209;10;22,886618136548677;Av. Carrera 68;2019
1001209;11;23,823879879203535;Av. Carrera 68;2019
1001209;12;23,44350492615385;Av. Carrera 68;2019
1001209;13;23,70754605579832;Av. Carrera 68;2019
1001209;14;21,691993393739835;Av. Carrera 68;2019
1001209;15;22,17896398553719;Av. Carrera 68;2019
1001209;16;23,85285837125;Av. Carrera 68;2019
1001209;17;21,27096028887931;Av. Carrera 68;2019
1001209;18;17,450880570336132;Av. Carrera 68;2019
1001209;19;17,84298222516667;Av. Carrera 68;2019
1001209;20;19,62576928086207;Av. Carrera 68;2019
1001209;21;23,8715968985;Av. Carrera 68;2019
1001209;22;29,565579399745765;Av. Carrera 68;2019
1001209;23;35,48511425271187;Av. Carrera 68;2019
1001707;0;57,52089126431034;Av. Ciudad de Cali;2019
1001707;1;60,22965900966386;Av. Ciudad de Cali;2019
1001707;2;63,11601111125;Av. Ciudad de Cali;2019
1001707;3;65,77642399438017;Av. Ciudad de Cali;2019
1001707;4;63,470920980731705;Av. Ciudad de Cali;2019
1001707;5;48,7301054507377;Av. Ciudad de Cali;2019
1001707;6;29,545765095089283;Av. Ciudad de Cali;2019
1001707;7;29,830035764705883;Av. Ciudad de Cali;2019
1001707;8;31,029798860082646;Av. Ciudad de Cali;2019
1001707;9;29,391408518870968;Av. Ciudad de Cali;2019
1001707;10;27,034408852941176;Av. Ciudad de Cali;2019
1001707;11;30,135843867833334;Av. Ciudad de Cali;2019
1001707;12;35,38172067311476;Av. Ciudad de Cali;2019
1001707;13;35,198645286451615;Av. Ciudad de Cali;2019
1001707;14;37,83700865362904;Av. Ciudad de Cali;2019
1001707;15;38,914670308770496;Av. Ciudad de Cali;2019
1001707;16;38,42877046603448;Av. Ciudad de Cali;2019
1001707;17;37,35872512405172;Av. Ciudad de Cali;2019
1001707;18;37,41220877956896;Av. Ciudad de Cali;2019
1001707;19;40,860634530344825;Av. Ciudad de Cali;2019
1001707;20;43,88691599304347;Av. Ciudad de Cali;2019
1001707;21;45,75709268716814;Av. Ciudad de Cali;2019
1001707;22;49,60276477794872;Av. Ciudad de Cali;2019
1001707;23;54,115069373189655;Av. Ciudad de Cali;2019
1001930;0;17,59864804764151;Av. Caracas;2019
1001930;1;19,2860273534375;Av. Caracas;2019
1001930;2;20,15973701133333;Av. Caracas;2019
1001930;3;20,6499306675;Av. Caracas;2019
1001930;4;21,030868371685397;Av. Caracas;2019
1001930;5;17,36009964894737;Av. Caracas;2019
1001930;6;13,719636755;Av. Caracas;2019
1001930;7;11,902475198048782;Av. Caracas;2019
1001930;8;11,181287800806452;Av. Caracas;2019
1001930;9;10,123903792419355;Av. Caracas;2019
1001930;10;9,177611778512397;Av. Caracas;2019
1001930;11;8,9224909;Av. Caracas;2019
1001930;12;8,737807193577236;Av. Caracas;2019
1001930;13;8,480625919333333;Av. Caracas;2019
1001930;14;8,890377739830507;Av. Caracas;2019
1001930;15;9,154041196166666;Av. Caracas;2019
1001930;16;8,924488200689654;Av. Caracas;2019
1001930;17;8,679638568813559;Av. Caracas;2019
1001930;18;8,85257124025;Av. Caracas;2019
1001930;19;9,003281217666666;Av. Caracas;2019
1001930;20;9,620227479;Av. Caracas;2019
1001930;21;11,109484548083334;Av. Caracas;2019
1001930;22;12,75969896325;Av. Caracas;2019
1001930;23;14,635517599495795;Av. Caracas;2019
1001982;0;64,52739291670213;Av. NQS;2019
1001982;1;66,1395011066279;Av. NQS;2019
1001982;2;67,05930465728572;Av. NQS;2019
1001982;3;67,96466949984615;Av. NQS;2019
1001982;4;64,19267844400001;Av. NQS;2019
1001982;5;50,83021746787234;Av. NQS;2019
1001982;6;34,619459792499995;Av. NQS;2019
1001982;7;25,600485225;Av. NQS;2019
1001982;8;26,90064945282051;Av. NQS;2019
1001982;9;28,07461304525;Av. NQS;2019
1001982;10;29,81931806352941;Av. NQS;2019
1001982;11;28,152779411702127;Av. NQS;2019
1001982;12;25,02363527025;Av. NQS;2019
1001982;13;23,986467282637363;Av. NQS;2019
1001982;14;28,77012650489796;Av. NQS;2019
1001982;15;33,50853539324074;Av. NQS;2019
1001982;16;31,72047780417476;Av. NQS;2019
1001982;17;26,78981904911765;Av. NQS;2019
1001982;18;26,43264847619469;Av. NQS;2019
1001982;19;40,04322097785714;Av. NQS;2019
1001982;20;45,06914739963964;Av. NQS;2019
1001982;21;48,977525194298245;Av. NQS;2019
1001982;22;52,91267715294117;Av. NQS;2019
1001982;23;59,55007784752577;Av. NQS;2019
1002011;0;54,36029710910714;Autopista Norte;2019
1002011;1;55,10319819440367;Autopista Norte;2019
1002011;2;56,2172913925;Autopista Norte;2019
1002011;3;56,36651997226804;Autopista Norte;2019
1002011;4;55,37594673978021;Autopista Norte;2019
1002011;5;50,79747144833333;Autopista Norte;2019
1002011;6;39,96393074901234;Autopista Norte;2019
1002011;7;30,977436202222226;Autopista Norte;2019
1002011;8;28,306184910578512;Autopista Norte;2019
1002011;9;27,631502399596776;Autopista Norte;2019
1002011;10;26,296562220082645;Autopista Norte;2019
1002011;11;27,88353183040984;Autopista Norte;2019
1002011;12;29,172425858951616;Autopista Norte;2019
1002011;13;33,10888162362903;Autopista Norte;2019
1002011;14;36,31844538951613;Autopista Norte;2019
1002011;15;40,243442045;Autopista Norte;2019
1002011;16;38,97265567957984;Autopista Norte;2019
1002011;17;33,59352470422414;Autopista Norte;2019
1002011;18;29,98523353896552;Autopista Norte;2019
1002011;19;34,03457517413793;Autopista Norte;2019
1002011;20;39,91394049594828;Autopista Norte;2019
1002011;21;43,58009076568965;Autopista Norte;2019
1002011;22;46,553864958706896;Autopista Norte;2019
1002011;23;51,16223484336207;Autopista Norte;2019
1002025;0;58,2945905445;Av. Caracas;2019
1002025;1;59,89541507525;Av. Caracas;2019
1002025;2;61,05446413991667;Av. Caracas;2019
1002025;3;60,882514583305785;Av. Caracas;2019
1002025;4;59,63679182918699;Av. Caracas;2019
1002025;5;51,4025308195082;Av. Caracas;2019
1002025;6;44,51511672568965;Av. Caracas;2019
1002025;7;50,65749577252032;Av. Caracas;2019
1002025;8;52,66263867483871;Av. Caracas;2019
1002025;9;47,18530746282258;Av. Caracas;2019
1002025;10;46,23143109314049;Av. Caracas;2019
1002025;11;47,39355013154472;Av. Caracas;2019
1002025;12;47,579732375;Av. Caracas;2019
1002025;13;47,60698978854839;Av. Caracas;2019
1002025;14;47,71954542548387;Av. Caracas;2019
1002025;15;45,98239991177419;Av. Caracas;2019
1002025;16;41,73021046716666;Av. Caracas;2019
1002025;17;39,310885493916665;Av. Caracas;2019
1002025;18;36,14759856325;Av. Caracas;2019
1002025;19;38,60782740933333;Av. Caracas;2019
1002025;20;40,73539830858333;Av. Caracas;2019
1002025;21;47,191081326416665;Av. Caracas;2019
1002025;22;53,03830748683333;Av. Caracas;2019
1002025;23;56,51585962033334;Av. Caracas;2019
1002293;0;23,5325464421875;Av. Américas;2019
1002293;1;25,5449442284375;Av. Américas;2019
1002293;2;26,901599031935483;Av. Américas;2019
1002293;3;27,2245555203125;Av. Américas;2019
1002293;4;27,8176545571875;Av. Américas;2019
1002293;5;23,0124665578125;Av. Américas;2019
1002293;6;18,967484420357145;Av. Américas;2019
1002293;7;16,71486730935484;Av. Américas;2019
1002293;8;16,5079560490625;Av. Américas;2019
1002293;9;14,631163003939394;Av. Américas;2019
1002293;10;14,534480803611112;Av. Américas;2019
1002293;11;13,48416916117647;Av. Américas;2019
1002293;12;13,1053596453125;Av. Américas;2019
1002293;13;12,4704331803125;Av. Américas;2019
1002293;14;12,21091323;Av. Américas;2019
1002293;15;13,0298480934375;Av. Américas;2019
1002293;16;13,9298639553125;Av. Américas;2019
1002293;17;13,7119755209375;Av. Américas;2019
1002293;18;12,447760174166667;Av. Américas;2019
1002293;19;12,317071920277778;Av. Américas;2019
1002293;20;13,917918139444446;Av. Américas;2019
1002293;21;15,60600990777778;Av. Américas;2019
1002293;22;16,80402785638889;Av. Américas;2019
1002293;23;20,718522539722223;Av. Américas;2019
1000036;0;67,21122311830645;Autopista Norte;2022
1000036;1;67,62037634403225;Autopista Norte;2022
1000036;2;61,161962365725806;Autopista Norte;2022
1000036;3;63,75591397862903;Autopista Norte;2022
1000036;4;65,66606182790322;Autopista Norte;2022
1000036;5;49,491182795645166;Autopista Norte;2022
1000036;6;28,703877687983876;Autopista Norte;2022
1000036;7;22,85848118266129;Autopista Norte;2022
1000036;8;22,549242424545454;Autopista Norte;2022
1000036;9;22,224986111333333;Autopista Norte;2022
1000036;10;24,217930555666666;Autopista Norte;2022
1000036;11;26,57034188042735;Autopista Norte;2022
1000036;12;25,639229691932776;Autopista Norte;2022
1000036;13;26,717805555416664;Autopista Norte;2022
1000036;14;28,310305555583334;Autopista Norte;2022
1000036;15;27,154892472903228;Autopista Norte;2022
1000036;16;26,276908601774192;Autopista Norte;2022
1000036;17;24,29553763395161;Autopista Norte;2022
1000036;18;22,93010752685484;Autopista Norte;2022
1000036;19;27,573743279274197;Autopista Norte;2022
1000036;20;33,70497311846774;Autopista Norte;2022
1000036;21;38,56236559120968;Autopista Norte;2022
1000036;22;45,45759408645161;Autopista Norte;2022
1000036;23;58,05877688137097;Autopista Norte;2022
1000199;0;29,56814516129032;Av. Carrera 10;2022
1000199;1;30,907325268790323;Av. Carrera 10;2022
1000199;2;31,112567204193542;Av. Carrera 10;2022
1000199;3;32,61697580645161;Av. Carrera 10;2022
1000199;4;32,52501344064516;Av. Carrera 10;2022
1000199;5;29,743756720645163;Av. Carrera 10;2022
1000199;6;25,93554435467742;Av. Carrera 10;2022
1000199;7;22,45540322580645;Av. Carrera 10;2022
1000199;8;22,004435261570247;Av. Carrera 10;2022
1000199;9;22,37783333325;Av. Carrera 10;2022
1000199;10;21,518680555333333;Av. Carrera 10;2022
1000199;11;20,80393162376069;Av. Carrera 10;2022
1000199;12;20,67412429398305;Av. Carrera 10;2022
1000199;13;20,85998611091667;Av. Carrera 10;2022
1000199;14;22,131500000166668;Av. Carrera 10;2022
1000199;15;22,31676075274193;Av. Carrera 10;2022
1000199;16;23,372043010725807;Av. Carrera 10;2022
1000199;17;20,82375000032258;Av. Carrera 10;2022
1000199;18;20,27379032274193;Av. Carrera 10;2022
1000199;19;21,21008064556452;Av. Carrera 10;2022
1000199;20;24,74974462370968;Av. Carrera 10;2022
1000199;21;27,953629032016128;Av. Carrera 10;2022
1000199;22;28,09075268814516;Av. Carrera 10;2022
1000199;23;29,689435484112902;Av. Carrera 10;2022
1000202;0;32,20981029796748;Av. NQS;2022
1000202;1;33,68354166675;Av. NQS;2022
1000202;2;31,221236110916667;Av. NQS;2022
1000202;3;29,42058333325;Av. NQS;2022
1000202;4;25,722405913629032;Av. NQS;2022
1000202;5;31,00366263467742;Av. NQS;2022
1000202;6;21,653723117903223;Av. NQS;2022
1000202;7;17,862930107580645;Av. NQS;2022
1000202;8;22,819793388429755;Av. NQS;2022
1000202;9;28,15626388866667;Av. NQS;2022
1000202;10;29,102736111166667;Av. NQS;2022
1000202;11;26,82625356128205;Av. NQS;2022
1000202;12;25,66505649720339;Av. NQS;2022
1000202;13;26,183638889166662;Av. NQS;2022
1000202;14;24,757069444000003;Av. NQS;2022
1000202;15;18,59048387145161;Av. NQS;2022
1000202;16;17,843602150564514;Av. NQS;2022
1000202;17;16,284032257741934;Av. NQS;2022
1000202;18;15,668373656048388;Av. NQS;2022
1000202;19;19,232620967741934;Av. NQS;2022
1000202;20;26,20653225806452;Av. NQS;2022
1000202;21;27,758884408467743;Av. NQS;2022
1000202;22;32,40022849475807;Av. NQS;2022
1000202;23;33,532889784999995;Av. NQS;2022
1000203;0;31,097615176422764;Av. NQS;2022
1000203;1;30,78725;Av. NQS;2022
1000203;2;31,12519444458333;Av. NQS;2022
1000203;3;31,7359891599187;Av. NQS;2022
1000203;4;29,667553763548387;Av. NQS;2022
1000203;5;23,719576612741932;Av. NQS;2022
1000203;6;17,925994623790324;Av. NQS;2022
1000203;7;17,593602150645165;Av. NQS;2022
1000203;8;18,898374655537197;Av. NQS;2022
1000203;9;21,46822222225;Av. NQS;2022
1000203;10;23,317347222166667;Av. NQS;2022
1000203;11;23,24000000025862;Av. NQS;2022
1000203;12;21,665182072857142;Av. NQS;2022
1000203;13;21,263486111166667;Av. NQS;2022
1000203;14;20,99836111091667;Av. NQS;2022
1000203;15;19,13713709701613;Av. NQS;2022
1000203;16;18,19336021532258;Av. NQS;2022
1000203;17;18,220537634596774;Av. NQS;2022
1000203;18;17,17916666717742;Av. NQS;2022
1000203;19;19,58254704298387;Av. NQS;2022
1000203;20;23,419314516209678;Av. NQS;2022
1000203;21;25,574018817177414;Av. NQS;2022
1000203;22;28,11079301112903;Av. NQS;2022
1000203;23;29,70705645169355;Av. NQS;2022
1000214;0;33,830416666935484;Av. Carrera 10;2022
1000214;1;34,07768817209677;Av. Carrera 10;2022
1000214;2;34,471021505564515;Av. Carrera 10;2022
1000214;3;33,47802777783333;Av. Carrera 10;2022
1000214;4;34,407002688387095;Av. Carrera 10;2022
1000214;5;33,807278225887096;Av. Carrera 10;2022
1000214;6;30,20136424685484;Av. Carrera 10;2022
1000214;7;27,28336021532258;Av. Carrera 10;2022
1000214;8;26,249889807438016;Av. Carrera 10;2022
1000214;9;26,495236110916668;Av. Carrera 10;2022
1000214;10;25,5760833335;Av. Carrera 10;2022
1000214;11;25,057314814529917;Av. Carrera 10;2022
1000214;12;23,19717514144068;Av. Carrera 10;2022
1000214;13;23,047986111166665;Av. Carrera 10;2022
1000214;14;23,713041666666665;Av. Carrera 10;2022
1000214;15;24,31489247314516;Av. Carrera 10;2022
1000214;16;25,637715053548387;Av. Carrera 10;2022
1000214;17;26,00513440814516;Av. Carrera 10;2022
1000214;18;25,051935483870967;Av. Carrera 10;2022
1000214;19;27,19248655895161;Av. Carrera 10;2022
1000214;20;28,10623655935484;Av. Carrera 10;2022
1000214;21;29,276505376612903;Av. Carrera 10;2022
1000214;22;30,02258064532258;Av. Carrera 10;2022
1000214;23;32,74383064532258;Av. Carrera 10;2022
1000228;0;38,03326612919355;Av. Boyacá;2022
1000228;1;36,731115591370965;Av. Boyacá;2022
1000228;2;37,72506887057851;Av. Boyacá;2022
1000228;3;38,92165277741667;Av. Boyacá;2022
1000228;4;37,66856944416666;Av. Boyacá;2022
1000228;5;37,521708333666666;Av. Boyacá;2022
1000228;6;33,86372311814516;Av. Boyacá;2022
1000228;7;30,950322580564517;Av. Boyacá;2022
1000228;8;30,821404958595043;Av. Boyacá;2022
1000228;9;31,26472222258333;Av. Boyacá;2022
1000228;10;31,25331944483333;Av. Boyacá;2022
1000228;11;31,397371794957262;Av. Boyacá;2022
1000228;12;31,50411016966101;Av. Boyacá;2022
1000228;13;31,66847222225;Av. Boyacá;2022
1000228;14;33,409458333083336;Av. Boyacá;2022
1000228;15;33,626975806693544;Av. Boyacá;2022
1000228;16;33,65728494620968;Av. Boyacá;2022
1000228;17;34,26041666620968;Av. Boyacá;2022
1000228;18;33,67668021699187;Av. Boyacá;2022
1000228;19;34,98920138875;Av. Boyacá;2022
1000228;20;36,60711111116667;Av. Boyacá;2022
1000228;21;37,8427083335;Av. Boyacá;2022
1000228;22;39,83449999941667;Av. Boyacá;2022
1000228;23;39,78739837439024;Av. Boyacá;2022
1000297;0;31,581465053709675;Av. Boyacá;2022
1000297;1;33,420698924435484;Av. Boyacá;2022
1000297;2;34,701948924758064;Av. Boyacá;2022
1000297;3;35,62946236572581;Av. Boyacá;2022
1000297;4;34,38395161274193;Av. Boyacá;2022
1000297;5;29,726962365483868;Av. Boyacá;2022
1000297;6;23,952694892096776;Av. Boyacá;2022
1000297;7;22,179502688548386;Av. Boyacá;2022
1000297;8;21,595977962066115;Av. Boyacá;2022
1000297;9;20,999902777583333;Av. Boyacá;2022
1000297;10;19,673013889333333;Av. Boyacá;2022
1000297;11;18,351458333362068;Av. Boyacá;2022
1000297;12;18,596935028135597;Av. Boyacá;2022
1000297;13;19,877138888916665;Av. Boyacá;2022
1000297;14;19,614569444083333;Av. Boyacá;2022
1000297;15;20,301612903145163;Av. Boyacá;2022
1000297;16;20,534784946048383;Av. Boyacá;2022
1000297;17;21,60524193532258;Av. Boyacá;2022
1000297;18;22,062809139758063;Av. Boyacá;2022
1000297;19;23,97329301096774;Av. Boyacá;2022
1000297;20;25,38790322637097;Av. Boyacá;2022
1000297;21;26,803360214919355;Av. Boyacá;2022
1000297;22;29,111344085887097;Av. Boyacá;2022
1000297;23;30,869744623629032;Av. Boyacá;2022
1000305;0;109,94193055541668;Av. NQS;2022
1000305;1;115,93101851796295;Av. NQS;2022
1000305;2;118,43685566989691;Av. NQS;2022
1000305;3;120,19725806462364;Av. NQS;2022
1000305;4;100,45506886983472;Av. NQS;2022
1000305;5;70,08748655887096;Av. NQS;2022
1000305;6;63,2174462366129;Av. NQS;2022
1000305;7;57,258588709435486;Av. NQS;2022
1000305;8;51,271983470743805;Av. NQS;2022
1000305;9;48,83734722241666;Av. NQS;2022
1000305;10;44,78127777791666;Av. NQS;2022
1000305;11;42,39236467247864;Av. NQS;2022
1000305;12;38,56735875711865;Av. NQS;2022
1000305;13;40,21348611125;Av. NQS;2022
1000305;14;40,54211111116667;Av. NQS;2022
1000305;15;37,98813172040323;Av. NQS;2022
1000305;16;37,52059139814516;Av. NQS;2022
1000305;17;38,54623655935484;Av. NQS;2022
1000305;18;43,341693547983866;Av. NQS;2022
1000305;19;54,745416666290325;Av. NQS;2022
1000305;20;62,56489247282258;Av. NQS;2022
1000305;21;69,41543010733871;Av. NQS;2022
1000305;22;77,21364247362904;Av. NQS;2022
1000305;23;94,18461432504132;Av. NQS;2022
1000759;0;29,378602150725804;Av. Ciudad de Cali;2022
1000759;1;29,612459677258062;Av. Ciudad de Cali;2022
1000759;2;27,33384408596774;Av. Ciudad de Cali;2022
1000759;3;26,330860215161287;Av. Ciudad de Cali;2022
1000759;4;23,723387096774196;Av. Ciudad de Cali;2022
1000759;5;21,323481182903222;Av. Ciudad de Cali;2022
1000759;6;19,54423387120968;Av. Ciudad de Cali;2022
1000759;7;19,232016129193543;Av. Ciudad de Cali;2022
1000759;8;18,544146005454547;Av. Ciudad de Cali;2022
1000759;9;18,731583333666663;Av. Ciudad de Cali;2022
1000759;10;20,346611111166663;Av. Ciudad de Cali;2022
1000759;11;19,94938034153846;Av. Ciudad de Cali;2022
1000759;12;18,096694915084747;Av. Ciudad de Cali;2022
1000759;13;19,026277778166666;Av. Ciudad de Cali;2022
1000759;14;21,38847222233333;Av. Ciudad de Cali;2022
1000759;15;22,77525537620968;Av. Ciudad de Cali;2022
1000759;16;24,483091397983877;Av. Ciudad de Cali;2022
1000759;17;21,598091397741936;Av. Ciudad de Cali;2022
1000759;18;19,88372311830645;Av. Ciudad de Cali;2022
1000759;19;21,768588709758067;Av. Ciudad de Cali;2022
1000759;20;22,21516129032258;Av. Ciudad de Cali;2022
1000759;21;23,3562903225;Av. Ciudad de Cali;2022
1000759;22;24,24158602120968;Av. Ciudad de Cali;2022
1000759;23;27,349260752419355;Av. Ciudad de Cali;2022
1000773;0;38,47103494629032;Autopista Norte;2022
1000773;1;38,69108870991936;Autopista Norte;2022
1000773;2;39,78516129040322;Autopista Norte;2022
1000773;3;40,64963709677419;Autopista Norte;2022
1000773;4;39,52717741951613;Autopista Norte;2022
1000773;5;30,93354166645161;Autopista Norte;2022
1000773;6;22,99826612967742;Autopista Norte;2022
1000773;7;21,924099462096777;Autopista Norte;2022
1000773;8;24,392920110247932;Autopista Norte;2022
1000773;9;26,2013611115;Autopista Norte;2022
1000773;10;27,609263888666664;Autopista Norte;2022
1000773;11;25,70089080448276;Autopista Norte;2022
1000773;12;25,065448179579832;Autopista Norte;2022
1000773;13;25,39297222258333;Autopista Norte;2022
1000773;14;25,8776666665;Autopista Norte;2022
1000773;15;27,262983871290324;Autopista Norte;2022
1000773;16;27,882056451693547;Autopista Norte;2022
1000773;17;27,253924730725807;Autopista Norte;2022
1000773;18;26,56174731185484;Autopista Norte;2022
1000773;19;27,43650537653226;Autopista Norte;2022
1000773;20;30,47493279556452;Autopista Norte;2022
1000773;21;31,81239247306452;Autopista Norte;2022
1000773;22;33,986276881774195;Autopista Norte;2022
1000773;23;35,76298387056452;Autopista Norte;2022
1000780;0;39,06662634419355;Av. Boyacá;2022
1000780;1;41,41552419346774;Av. Boyacá;2022
1000780;2;41,60719086040323;Av. Boyacá;2022
1000780;3;40,918602150322585;Av. Boyacá;2022
1000780;4;38,93174731217741;Av. Boyacá;2022
1000780;5;32,13612231104839;Av. Boyacá;2022
1000780;6;30,240497311612906;Av. Boyacá;2022
1000780;7;29,292795699032258;Av. Boyacá;2022
1000780;8;28,32001377380165;Av. Boyacá;2022
1000780;9;25,587402778;Av. Boyacá;2022
1000780;10;22,49743055575;Av. Boyacá;2022
1000780;11;21,958635057586207;Av. Boyacá;2022
1000780;12;22,83689265525424;Av. Boyacá;2022
1000780;13;23,370722222;Av. Boyacá;2022
1000780;14;22,24737500008333;Av. Boyacá;2022
1000780;15;22,729314516129037;Av. Boyacá;2022
1000780;16;22,539448924919355;Av. Boyacá;2022
1000780;17;22,68494623717742;Av. Boyacá;2022
1000780;18;22,088225806370968;Av. Boyacá;2022
1000780;19;24,343561827580643;Av. Boyacá;2022
1000780;20;27,903844086451613;Av. Boyacá;2022
1000780;21;29,520430107419354;Av. Boyacá;2022
1000780;22;34,54086021459677;Av. Boyacá;2022
1000780;23;37,203870967741935;Av. Boyacá;2022
1000951;0;33,14557795717742;Av. Ciudad de Cali;2022
1000951;1;31,494852150564515;Av. Ciudad de Cali;2022
1000951;2;32,71864247282258;Av. Ciudad de Cali;2022
1000951;3;34,1866263441129;Av. Ciudad de Cali;2022
1000951;4;33,4034408598387;Av. Ciudad de Cali;2022
1000951;5;30,92452957;Av. Ciudad de Cali;2022
1000951;6;30,80260752709677;Av. Ciudad de Cali;2022
1000951;7;30,33565860266129;Av. Ciudad de Cali;2022
1000951;8;29,699173553719007;Av. Ciudad de Cali;2022
1000951;9;30,049236111583333;Av. Ciudad de Cali;2022
1000951;10;28,21877777775;Av. Ciudad de Cali;2022
1000951;11;27,90420227948718;Av. Ciudad de Cali;2022
1000951;12;27,398502825084744;Av. Ciudad de Cali;2022
1000951;13;28,899194444166664;Av. Ciudad de Cali;2022
1000951;14;30,03495833308333;Av. Ciudad de Cali;2022
1000951;15;30,244422042903228;Av. Ciudad de Cali;2022
1000951;16;30,25471774185484;Av. Ciudad de Cali;2022
1000951;17;32,41639784975806;Av. Ciudad de Cali;2022
1000951;18;33,588494623225806;Av. Ciudad de Cali;2022
1000951;19;35,17461021540322;Av. Ciudad de Cali;2022
1000951;20;35,64736559153226;Av. Ciudad de Cali;2022
1000951;21;35,90868279564516;Av. Ciudad de Cali;2022
1000951;22;35,417043010725806;Av. Ciudad de Cali;2022
1000951;23;34,90946236540322;Av. Ciudad de Cali;2022
1001209;0;37,53156944449999;Av. Carrera 68;2022
1001209;1;40,532902777416666;Av. Carrera 68;2022
1001209;2;41,43452777775;Av. Carrera 68;2022
1001209;3;39,11662534421488;Av. Carrera 68;2022
1001209;4;31,81509408532258;Av. Carrera 68;2022
1001209;5;25,020530913790324;Av. Carrera 68;2022
1001209;6;25,31334005387097;Av. Carrera 68;2022
1001209;7;22,994986559274192;Av. Carrera 68;2022
1001209;8;20,965578512231403;Av. Carrera 68;2022
1001209;9;19,759722222083333;Av. Carrera 68;2022
1001209;10;18,994444444583333;Av. Carrera 68;2022
1001209;11;18,685826149310348;Av. Carrera 68;2022
1001209;12;17,1818518517094;Av. Carrera 68;2022
1001209;13;17,289138888916668;Av. Carrera 68;2022
1001209;14;18,012486111166666;Av. Carrera 68;2022
1001209;15;16,964916666833332;Av. Carrera 68;2022
1001209;16;17,110652777749998;Av. Carrera 68;2022
1001209;17;16,215374999833333;Av. Carrera 68;2022
1001209;18;14,948666666666666;Av. Carrera 68;2022
1001209;19;15,33763194425;Av. Carrera 68;2022
1001209;20;17,97638888866667;Av. Carrera 68;2022
1001209;21;21,739347222166668;Av. Carrera 68;2022
1001209;22;24,230819444833333;Av. Carrera 68;2022
1001209;23;31,533402777416665;Av. Carrera 68;2022
1001707;0;53,11255376387096;Av. Ciudad de Cali;2022
1001707;1;57,48857526887097;Av. Ciudad de Cali;2022
1001707;2;57,34481182814516;Av. Ciudad de Cali;2022
1001707;3;61,9724059142742;Av. Ciudad de Cali;2022
1001707;4;54,87584677419355;Av. Ciudad de Cali;2022
1001707;5;36,92438844064516;Av. Ciudad de Cali;2022
1001707;6;27,713447580967745;Av. Ciudad de Cali;2022
1001707;7;26,224059139919355;Av. Ciudad de Cali;2022
1001707;8;26,07882920107438;Av. Ciudad de Cali;2022
1001707;9;27,563208333416664;Av. Ciudad de Cali;2022
1001707;10;30,32383333308333;Av. Ciudad de Cali;2022
1001707;11;32,58470085495726;Av. Ciudad de Cali;2022
1001707;12;33,36816526655463;Av. Ciudad de Cali;2022
1001707;13;32,3079305555;Av. Ciudad de Cali;2022
1001707;14;33,66194444441667;Av. Ciudad de Cali;2022
1001707;15;34,169180107580644;Av. Ciudad de Cali;2022
1001707;16;33,50306451604839;Av. Ciudad de Cali;2022
1001707;17;34,57569892483871;Av. Ciudad de Cali;2022
1001707;18;35,03375000032258;Av. Ciudad de Cali;2022
1001707;19;37,251115591451615;Av. Ciudad de Cali;2022
1001707;20;38,71922043024193;Av. Ciudad de Cali;2022
1001707;21;42,39473118266129;Av. Ciudad de Cali;2022
1001707;22;46,36958333330645;Av. Ciudad de Cali;2022
1001707;23;51,15243279604839;Av. Ciudad de Cali;2022
1001981;0;59,7607812490625;Av. NQS;2022
1001981;1;60,38891304478261;Av. NQS;2022
1001981;2;61,1365625;Av. NQS;2022
1001981;3;58,24111111083334;Av. NQS;2022
1001981;4;60,4914583325;Av. NQS;2022
1001981;5;54,37124999875;Av. NQS;2022
1001981;6;42,36765306163266;Av. NQS;2022
1001981;7;43,11297872351064;Av. NQS;2022
1001981;8;43,40077683601695;Av. NQS;2022
1001981;9;42,15102777808333;Av. NQS;2022
1001981;10;41,636027778;Av. NQS;2022
1001981;11;39,99453703700855;Av. NQS;2022
1001981;12;38,50378531127119;Av. NQS;2022
1001981;13;37,33330555516667;Av. NQS;2022
1001981;14;36,8214444445;Av. NQS;2022
1001981;15;36,70642473129032;Av. NQS;2022
1001981;16;37,17279614305785;Av. NQS;2022
1001981;17;31,257527777666667;Av. NQS;2022
1001981;18;27,91602777783333;Av. NQS;2022
1001981;19;32,35434413555556;Av. NQS;2022
1001981;20;38,55733695652174;Av. NQS;2022
1001981;21;42,41957317085366;Av. NQS;2022
1001981;22;44,77696969666667;Av. NQS;2022
1001981;23;54,96432539690476;Av. NQS;2022
1002011;0;51,24330645137097;Autopista Norte;2022
1002011;1;50,41275537629032;Autopista Norte;2022
1002011;2;48,30816526630253;Autopista Norte;2022
1002011;3;46,17382263018349;Autopista Norte;2022
1002011;4;48,344912280631576;Autopista Norte;2022
1002011;5;39,99970528426829;Autopista Norte;2022
1002011;6;35,73244318170455;Autopista Norte;2022
1002011;7;29,38460704626016;Autopista Norte;2022
1002011;8;28,623415978181814;Autopista Norte;2022
1002011;9;30,633847222166665;Autopista Norte;2022
1002011;10;32,16187500025;Autopista Norte;2022
1002011;11;33,11485754991453;Autopista Norte;2022
1002011;12;32,7808474570339;Autopista Norte;2022
1002011;13;32,73947222266666;Autopista Norte;2022
1002011;14;36,52320833325;Autopista Norte;2022
1002011;15;38,0112903225;Autopista Norte;2022
1002011;16;34,88927419379032;Autopista Norte;2022
1002011;17;27,46309139774193;Autopista Norte;2022
1002011;18;24,45209677435484;Autopista Norte;2022
1002011;19;36,14973790330645;Autopista Norte;2022
1002011;20;40,338602150161286;Autopista Norte;2022
1002011;21;43,84305107532258;Autopista Norte;2022
1002011;22;46,76295698919355;Autopista Norte;2022
1002011;23;50,37728494612903;Autopista Norte;2022
1002025;0;24,99017473129032;Av. Caracas;2022
1002025;1;27,55758064491935;Av. Caracas;2022
1002025;2;31,83942204306452;Av. Caracas;2022
1002025;3;30,65426075266129;Av. Caracas;2022
1002025;4;30,02706989217742;Av. Caracas;2022
1002025;5;25,870624999758064;Av. Caracas;2022
1002025;6;25,03786290290323;Av. Caracas;2022
1002025;7;28,56555107483871;Av. Caracas;2022
1002025;8;29,56122589553719;Av. Caracas;2022
1002025;9;27,16244444466667;Av. Caracas;2022
1002025;10;26,748013888583333;Av. Caracas;2022
1002025;11;25,036631054273503;Av. Caracas;2022
1002025;12;26,1446468929661;Av. Caracas;2022
1002025;13;24,41673611083333;Av. Caracas;2022
1002025;14;25,913013889;Av. Caracas;2022
1002025;15;24,515228494758063;Av. Caracas;2022
1002025;16;22,76009408564516;Av. Caracas;2022
1002025;17;19,73655914;Av. Caracas;2022
1002025;18;19,890860214838707;Av. Caracas;2022
1002025;19;19,41938844096774;Av. Caracas;2022
1002025;20;19,353051075483872;Av. Caracas;2022
1002025;21;21,810376344112903;Av. Caracas;2022
1002025;22;21,929771505725807;Av. Caracas;2022
1002025;23;26,33918010758065;Av. Caracas;2022
1002290;0;29,87966397870968;Av. Bosa;2022
1002290;1;31,698360215241934;Av. Bosa;2022
1002290;2;31,28926075266129;Av. Bosa;2022
1002290;3;28,57743279556452;Av. Bosa;2022
1002290;4;24,71400537629032;Av. Bosa;2022
1002290;5;21,58726478483871;Av. Bosa;2022
1002290;6;21,571075268548388;Av. Bosa;2022
1002290;7;24,392594086048387;Av. Bosa;2022
1002290;8;27,3354545453719;Av. Bosa;2022
1002290;9;27,544013888583333;Av. Bosa;2022
1002290;10;28,86459722225;Av. Bosa;2022
1002290;11;29,884294872136756;Av. Bosa;2022
1002290;12;31,08847457644068;Av. Bosa;2022
1002290;13;32,163736110583336;Av. Bosa;2022
1002290;14;33,709222222583335;Av. Bosa;2022
1002290;15;31,882137097016127;Av. Bosa;2022
1002290;16;33,85677419362903;Av. Bosa;2022
1002290;17;32,90294354782258;Av. Bosa;2022
1002290;18;29,917970430241933;Av. Bosa;2022
1002290;19;33,26977150516129;Av. Bosa;2022
1002290;20;33,12814516129033;Av. Bosa;2022
1002290;21;29,91764784935484;Av. Bosa;2022
1002290;22;27,36768817233871;Av. Bosa;2022
1002290;23;27,17743279564516;Av. Bosa;2022
1002293;0;16,95595430096774;Av. Américas;2022
1002293;1;17,474771505241936;Av. Américas;2022
1002293;2;17,74150406512195;Av. Américas;2022
1002293;3;17,64074229697479;Av. Américas;2022
1002293;4;14,768089431138211;Av. Américas;2022
1002293;5;13,80084677435484;Av. Américas;2022
1002293;6;13,956229839032256;Av. Américas;2022
1002293;7;13,272822580806451;Av. Américas;2022
1002293;8;13,261418732727272;Av. Américas;2022
1002293;9;13,13508333325;Av. Américas;2022
1002293;10;12,803111111083332;Av. Américas;2022
1002293;11;12,62394396525862;Av. Américas;2022
1002293;12;11,609364406610169;Av. Américas;2022
1002293;13;11,45377777775;Av. Américas;2022
1002293;14;11,0;Av. Américas;2022
1002293;15;10,72445799487805;Av. Américas;2022
1002293;16;9,847862903225806;Av. Américas;2022
1002293;17;9,413279570080643;Av. Américas;2022
1002293;18;9,285228494596774;Av. Américas;2022
1002293;19;8,907069892419356;Av. Américas;2022
1002293;20;11,745672043064516;Av. Américas;2022
1002293;21;13,77454301080645;Av. Américas;2022
1002293;22;14,914973118467742;Av. Américas;2022
1002293;23;16,343225806290324;Av. Américas;2022
